/* ANTES DE EJECUTAR ESTE SCRIPT ES NECESARIO TRASPASAR LOS PRIVILEGIOS DE MODULO_OPCION A LA TABLA ACCESO_OPCION*/
/* EJECUTAR EL METODO DE USUARIOS (GrabarOpcion)*/

DELETE FROM MODULO_OPCION;
DELETE FROM MODULO;
DELETE FROM MENU;

Insert into ENOC.MENU (MENU_ID,MENU_NOMBRE,ORDEN,NOMBRE_INGLES) values (1,'VRA',1,'VRA');
Insert into ENOC.MENU (MENU_ID,MENU_NOMBRE,ORDEN,NOMBRE_INGLES) values (5,'VRE',2,'VRE');
Insert into ENOC.MENU (MENU_ID,MENU_NOMBRE,ORDEN,NOMBRE_INGLES) values (9,'VRF',3,'VRF');
Insert into ENOC.MENU (MENU_ID,MENU_NOMBRE,ORDEN,NOMBRE_INGLES) values (3,'Alumno',4,'Student');
Insert into ENOC.MENU (MENU_ID,MENU_NOMBRE,ORDEN,NOMBRE_INGLES) values (4,'Empleado',5,'Employ');
Insert into ENOC.MENU (MENU_ID,MENU_NOMBRE,ORDEN,NOMBRE_INGLES) values (6,'Inscripción',6,'Inscription');
Insert into ENOC.MENU (MENU_ID,MENU_NOMBRE,ORDEN,NOMBRE_INGLES) values (7,'Estadística',7,'Statistics');
Insert into ENOC.MENU (MENU_ID,MENU_NOMBRE,ORDEN,NOMBRE_INGLES) values (8,'Usuario',0,'User');

Insert into ENOC.MODULO (MODULO_ID,NOMBRE_MODULO,URL,ICONO,MENU_ID,NOMBRE_INGLES) values ('A30','Aptitud física','aptitud_fisica','590',5,'Aptitud física');
Insert into ENOC.MODULO (MODULO_ID,NOMBRE_MODULO,URL,ICONO,MENU_ID,NOMBRE_INGLES) values ('A31','03.Baja','baja','610',6,'03.Baja');
Insert into ENOC.MODULO (MODULO_ID,NOMBRE_MODULO,URL,ICONO,MENU_ID,NOMBRE_INGLES) values ('A35','Graduación','graduacion','690',1,'Graduación');
Insert into ENOC.MODULO (MODULO_ID,NOMBRE_MODULO,URL,ICONO,MENU_ID,NOMBRE_INGLES) values ('A36','Admisión en línea','admlinea','710',3,'Admisión en línea');
Insert into ENOC.MODULO (MODULO_ID,NOMBRE_MODULO,URL,ICONO,MENU_ID,NOMBRE_INGLES) values ('A34','Evaluación docente','evaluacion','670',4,'Evaluación docente');
Insert into ENOC.MODULO (MODULO_ID,NOMBRE_MODULO,URL,ICONO,MENU_ID,NOMBRE_INGLES) values ('A37','Conservatorio','musica','730',3,'Conservatorio');
Insert into ENOC.MODULO (MODULO_ID,NOMBRE_MODULO,URL,ICONO,MENU_ID,NOMBRE_INGLES) values ('A32','Carga docente','hca','630',4,'Carga docente');
Insert into ENOC.MODULO (MODULO_ID,NOMBRE_MODULO,URL,ICONO,MENU_ID,NOMBRE_INGLES) values ('A03','01.Cargas/Grupos','carga_grupo','50',6,'01.Cargas/Grupos');
Insert into ENOC.MODULO (MODULO_ID,NOMBRE_MODULO,URL,ICONO,MENU_ID,NOMBRE_INGLES) values ('A18','Administrar','administrar','330',1,'Administrar');
Insert into ENOC.MODULO (MODULO_ID,NOMBRE_MODULO,URL,ICONO,MENU_ID,NOMBRE_INGLES) values ('A01','Catálogos','catalogos','0',1,'Catálogos');
Insert into ENOC.MODULO (MODULO_ID,NOMBRE_MODULO,URL,ICONO,MENU_ID,NOMBRE_INGLES) values ('A28','Finanzas','finanzas','530',9,'Finanzas');
Insert into ENOC.MODULO (MODULO_ID,NOMBRE_MODULO,URL,ICONO,MENU_ID,NOMBRE_INGLES) values ('A02','Planes y materias','mapa','30',1,'Planes y materias');
Insert into ENOC.MODULO (MODULO_ID,NOMBRE_MODULO,URL,ICONO,MENU_ID,NOMBRE_INGLES) values ('A04','Admisión','admision','70',3,'Admisión');
Insert into ENOC.MODULO (MODULO_ID,NOMBRE_MODULO,URL,ICONO,MENU_ID,NOMBRE_INGLES) values ('A05','Datos alumno','datos_alumno','80',3,'Datos alumno');
Insert into ENOC.MODULO (MODULO_ID,NOMBRE_MODULO,URL,ICONO,MENU_ID,NOMBRE_INGLES) values ('A07','02.Matrícula','matricula','130',6,'02.Matrícula');
Insert into ENOC.MODULO (MODULO_ID,NOMBRE_MODULO,URL,ICONO,MENU_ID,NOMBRE_INGLES) values ('A06','Datos profesor','datos_profesor','110',4,'Datos profesor');
Insert into ENOC.MODULO (MODULO_ID,NOMBRE_MODULO,URL,ICONO,MENU_ID,NOMBRE_INGLES) values ('A09','Disciplina','disciplina','170',5,'Disciplina');
Insert into ENOC.MODULO (MODULO_ID,NOMBRE_MODULO,URL,ICONO,MENU_ID,NOMBRE_INGLES) values ('A10','Extranjeros','extranjeros','190',5,'Extranjeros');
Insert into ENOC.MODULO (MODULO_ID,NOMBRE_MODULO,URL,ICONO,MENU_ID,NOMBRE_INGLES) values ('A11','Mentores','mentores','210',5,'Mentores');
Insert into ENOC.MODULO (MODULO_ID,NOMBRE_MODULO,URL,ICONO,MENU_ID,NOMBRE_INGLES) values ('A12','Residencia','residencia','230',5,'Residencia');
Insert into ENOC.MODULO (MODULO_ID,NOMBRE_MODULO,URL,ICONO,MENU_ID,NOMBRE_INGLES) values ('A13','02.Usuarios','usuarios','250',8,'02.Users');
Insert into ENOC.MODULO (MODULO_ID,NOMBRE_MODULO,URL,ICONO,MENU_ID,NOMBRE_INGLES) values ('A15','03.Parámetros','parametros','290',8,'03.Parameters');
Insert into ENOC.MODULO (MODULO_ID,NOMBRE_MODULO,URL,ICONO,MENU_ID,NOMBRE_INGLES) values ('A16','Informes','informes','310',7,'Informes');
Insert into ENOC.MODULO (MODULO_ID,NOMBRE_MODULO,URL,ICONO,MENU_ID,NOMBRE_INGLES) values ('A19','04.Utilerías','utilerias','350',8,'04.Utilerías');
Insert into ENOC.MODULO (MODULO_ID,NOMBRE_MODULO,URL,ICONO,MENU_ID,NOMBRE_INGLES) values ('A08','Archivo digital','archivo','150',1,'Archivo digital');
Insert into ENOC.MODULO (MODULO_ID,NOMBRE_MODULO,URL,ICONO,MENU_ID,NOMBRE_INGLES) values ('A20','Credencial alumno','credencial_alum','370',3,'Credencial alumno');
Insert into ENOC.MODULO (MODULO_ID,NOMBRE_MODULO,URL,ICONO,MENU_ID,NOMBRE_INGLES) values ('A21','Credencial empleado','credencial_emp','390',4,'Credencial empleado');
Insert into ENOC.MODULO (MODULO_ID,NOMBRE_MODULO,URL,ICONO,MENU_ID,NOMBRE_INGLES) values ('A22','Candados','candados','410',3,'Candados');
Insert into ENOC.MODULO (MODULO_ID,NOMBRE_MODULO,URL,ICONO,MENU_ID,NOMBRE_INGLES) values ('A23','Efectividad Inst.','bsc','430',7,'Efectividad Inst.');
Insert into ENOC.MODULO (MODULO_ID,NOMBRE_MODULO,URL,ICONO,MENU_ID,NOMBRE_INGLES) values ('A25','Servicio social','servicio','470',1,'Servicio social');
Insert into ENOC.MODULO (MODULO_ID,NOMBRE_MODULO,URL,ICONO,MENU_ID,NOMBRE_INGLES) values ('A26','Internado','internado','490',5,'Internado');
Insert into ENOC.MODULO (MODULO_ID,NOMBRE_MODULO,URL,ICONO,MENU_ID,NOMBRE_INGLES) values ('A27','Titulación','titulacion','510',1,'Titulación');
Insert into ENOC.MODULO (MODULO_ID,NOMBRE_MODULO,URL,ICONO,MENU_ID,NOMBRE_INGLES) values ('A17','Convalidar','convalida','550',1,'Convalidar');
Insert into ENOC.MODULO (MODULO_ID,NOMBRE_MODULO,URL,ICONO,MENU_ID,NOMBRE_INGLES) values ('A29','Inscritos','inscritos','570',7,'Inscritos');
Insert into ENOC.MODULO (MODULO_ID,NOMBRE_MODULO,URL,ICONO,MENU_ID,NOMBRE_INGLES) values ('A33','Certificación','certificacion','650',1,'Certificación');
Insert into ENOC.MODULO (MODULO_ID,NOMBRE_MODULO,URL,ICONO,MENU_ID,NOMBRE_INGLES) values ('A38','Salidas','salida','750',5,'Salidas');
Insert into ENOC.MODULO (MODULO_ID,NOMBRE_MODULO,URL,ICONO,MENU_ID,NOMBRE_INGLES) values ('A44','Campos clínicos','clinicos','870',1,'Campos clínicos');
Insert into ENOC.MODULO (MODULO_ID,NOMBRE_MODULO,URL,ICONO,MENU_ID,NOMBRE_INGLES) values ('A48','Evaluación Empleado','evalua_emp','950',4,'Evaluación Empleado');
Insert into ENOC.MODULO (MODULO_ID,NOMBRE_MODULO,URL,ICONO,MENU_ID,NOMBRE_INGLES) values ('A49','Alerta Sanitaria','alerta','970',5,'Alerta Sanitaria');
Insert into ENOC.MODULO (MODULO_ID,NOMBRE_MODULO,URL,ICONO,MENU_ID,NOMBRE_INGLES) values ('A54','Maestro/Horas','horas','1060',4,'Maestro/Horas');
Insert into ENOC.MODULO (MODULO_ID,NOMBRE_MODULO,URL,ICONO,MENU_ID,NOMBRE_INGLES) values ('A24','Exalumnos','exalumnos','450',3,'Exalumnos');
Insert into ENOC.MODULO (MODULO_ID,NOMBRE_MODULO,URL,ICONO,MENU_ID,NOMBRE_INGLES) values ('A41','Cartas','cartas','810',3,'Cartas');
Insert into ENOC.MODULO (MODULO_ID,NOMBRE_MODULO,URL,ICONO,MENU_ID,NOMBRE_INGLES) values ('A52','Portafolio Docente','porDocente','1020',4,'Portafolio Docente');
Insert into ENOC.MODULO (MODULO_ID,NOMBRE_MODULO,URL,ICONO,MENU_ID,NOMBRE_INGLES) values ('A42','Notas','notas','830',3,'Notas');
Insert into ENOC.MODULO (MODULO_ID,NOMBRE_MODULO,URL,ICONO,MENU_ID,NOMBRE_INGLES) values ('A45','Becas','taller','890',9,'Becas');
Insert into ENOC.MODULO (MODULO_ID,NOMBRE_MODULO,URL,ICONO,MENU_ID,NOMBRE_INGLES) values ('A46','Ampliación/Servicios','ampliacion','910',5,'Ampliación/Servicios');
Insert into ENOC.MODULO (MODULO_ID,NOMBRE_MODULO,URL,ICONO,MENU_ID,NOMBRE_INGLES) values ('A47','Cultural','cultural','930',3,'Cultural');
Insert into ENOC.MODULO (MODULO_ID,NOMBRE_MODULO,URL,ICONO,MENU_ID,NOMBRE_INGLES) values ('A53','Bitácora DSE','bitacora','1040',1,'Bitácora DSE');
Insert into ENOC.MODULO (MODULO_ID,NOMBRE_MODULO,URL,ICONO,MENU_ID,NOMBRE_INGLES) values ('A55','Comedor','comedor','1080',9,'Comedor');
Insert into ENOC.MODULO (MODULO_ID,NOMBRE_MODULO,URL,ICONO,MENU_ID,NOMBRE_INGLES) values ('A40','Rendimiento','rendimiento','790',7,'Rendimiento');
Insert into ENOC.MODULO (MODULO_ID,NOMBRE_MODULO,URL,ICONO,MENU_ID,NOMBRE_INGLES) values ('A43','Análisis','analisis','850',7,'Análisis');
Insert into ENOC.MODULO (MODULO_ID,NOMBRE_MODULO,URL,ICONO,MENU_ID,NOMBRE_INGLES) values ('A51','Investigacion','investigacion','1000',1,'Investigacion');
Insert into ENOC.MODULO (MODULO_ID,NOMBRE_MODULO,URL,ICONO,MENU_ID,NOMBRE_INGLES) values ('A59','01.Portales','portales','1160',8,'01.Portales');
Insert into ENOC.MODULO (MODULO_ID,NOMBRE_MODULO,URL,ICONO,MENU_ID,NOMBRE_INGLES) values ('A61','Encuesta','encuesta','1200',5,'Encuesta');
Insert into ENOC.MODULO (MODULO_ID,NOMBRE_MODULO,URL,ICONO,MENU_ID,NOMBRE_INGLES) values ('A56','Convenios','convenio','1100',1,'Convenios');
Insert into ENOC.MODULO (MODULO_ID,NOMBRE_MODULO,URL,ICONO,MENU_ID,NOMBRE_INGLES) values ('A39','Vigilancia','vigilancia','770',9,'Vigilancia');
Insert into ENOC.MODULO (MODULO_ID,NOMBRE_MODULO,URL,ICONO,MENU_ID,NOMBRE_INGLES) values ('A58','04.Costos','costo','1140',6,'04.Costos');
Insert into ENOC.MODULO (MODULO_ID,NOMBRE_MODULO,URL,ICONO,MENU_ID,NOMBRE_INGLES) values ('A57','Expediente/Docente','expediente','1120',4,'Expediente/Docente');
Insert into ENOC.MODULO (MODULO_ID,NOMBRE_MODULO,URL,ICONO,MENU_ID,NOMBRE_INGLES) values ('A60','Diploma','diploma','1180',3,'Diploma');
Insert into ENOC.MODULO (MODULO_ID,NOMBRE_MODULO,URL,ICONO,MENU_ID,NOMBRE_INGLES) values ('A14','Votaciones','vota','270',5,'Votaciones');


Insert into ENOC.MODULO_OPCION (MODULO_ID,OPCION_ID,NOMBRE_OPCION,URL,ICONO,ORDEN,MAPA,CARPETA,NOMBRE_INGLES) values ('A29','571','05.Inscritos por carga','/inscritos_periodo/inscritos_per','A',1,null,'/inscritos/inscritos_periodo/','05.Inscritos por carga');
Insert into ENOC.MODULO_OPCION (MODULO_ID,OPCION_ID,NOMBRE_OPCION,URL,ICONO,ORDEN,MAPA,CARPETA,NOMBRE_INGLES) values ('A23','432','05.Aprovechamiento académico','/aprovechamiento/aprovecha','A',3,null,'/bsc/aprovechamiento/','05.Aprovechamiento académico');
Insert into ENOC.MODULO_OPCION (MODULO_ID,OPCION_ID,NOMBRE_OPCION,URL,ICONO,ORDEN,MAPA,CARPETA,NOMBRE_INGLES) values ('A18','332','04.Título suficiencia','/titulo/evaluar','A',4,null,'/administrar/titulo/','04.Título suficiencia');
Insert into ENOC.MODULO_OPCION (MODULO_ID,OPCION_ID,NOMBRE_OPCION,URL,ICONO,ORDEN,MAPA,CARPETA,NOMBRE_INGLES) values ('A26','490','01.Dormitorios','/dormitorios/dormitorios','A',1,null,'/internado/dormitorios/','01.Dormitorios');
Insert into ENOC.MODULO_OPCION (MODULO_ID,OPCION_ID,NOMBRE_OPCION,URL,ICONO,ORDEN,MAPA,CARPETA,NOMBRE_INGLES) values ('A25','471','01.Requisitos','/catalogos/catalogos','A',1,null,'/servicio/catalogos/','01.Requisitos');
Insert into ENOC.MODULO_OPCION (MODULO_ID,OPCION_ID,NOMBRE_OPCION,URL,ICONO,ORDEN,MAPA,CARPETA,NOMBRE_INGLES) values ('A25','472','04.Documentos/Alumno','/servicio/social','A',4,null,'/servicio/servicio/','04.Documentos/Alumno');
Insert into ENOC.MODULO_OPCION (MODULO_ID,OPCION_ID,NOMBRE_OPCION,URL,ICONO,ORDEN,MAPA,CARPETA,NOMBRE_INGLES) values ('A13','256','05.Bajar Fotos','/fotos/bajar','A',7,'0  ','/usuarios/fotos/','05.Bajar Fotos');
Insert into ENOC.MODULO_OPCION (MODULO_ID,OPCION_ID,NOMBRE_OPCION,URL,ICONO,ORDEN,MAPA,CARPETA,NOMBRE_INGLES) values ('A27','510','01. Catálogos','/catalogos/catalogos','A',1,null,'/titulacion/catalogos/','01. Catálogos');
Insert into ENOC.MODULO_OPCION (MODULO_ID,OPCION_ID,NOMBRE_OPCION,URL,ICONO,ORDEN,MAPA,CARPETA,NOMBRE_INGLES) values ('A27','511','02. Registro de titulos','/titulacion/titulacion','A',2,null,'/titulacion/titulacion/','02. Registro de titulos');
Insert into ENOC.MODULO_OPCION (MODULO_ID,OPCION_ID,NOMBRE_OPCION,URL,ICONO,ORDEN,MAPA,CARPETA,NOMBRE_INGLES) values ('A19','353','99.Apellidos','/apellidos/apellidos','A',4,null,'/utilerias/apellidos/','99.Apellidos');
Insert into ENOC.MODULO_OPCION (MODULO_ID,OPCION_ID,NOMBRE_OPCION,URL,ICONO,ORDEN,MAPA,CARPETA,NOMBRE_INGLES) values ('A42','101','Corrección de notas','/corregir/notas','A',7,null,'/notas/corregir/','Corrección de notas');
Insert into ENOC.MODULO_OPCION (MODULO_ID,OPCION_ID,NOMBRE_OPCION,URL,ICONO,ORDEN,MAPA,CARPETA,NOMBRE_INGLES) values ('A03','055','11.Materias/línea','/unid/facultad','A',6,'033','/carga_grupo/unid/','11.Materias/línea');
Insert into ENOC.MODULO_OPCION (MODULO_ID,OPCION_ID,NOMBRE_OPCION,URL,ICONO,ORDEN,MAPA,CARPETA,NOMBRE_INGLES) values ('A03','058','04.Lista bloques','/lista_bloque/bloques','A',9,'032','/carga_grupo/lista_bloque/','04.Lista bloques');
Insert into ENOC.MODULO_OPCION (MODULO_ID,OPCION_ID,NOMBRE_OPCION,URL,ICONO,ORDEN,MAPA,CARPETA,NOMBRE_INGLES) values ('A42','093','Plan académico','/../portales/alumno/calificaciones','A',2,'003','/notas/../','Plan académico');
Insert into ENOC.MODULO_OPCION (MODULO_ID,OPCION_ID,NOMBRE_OPCION,URL,ICONO,ORDEN,MAPA,CARPETA,NOMBRE_INGLES) values ('A38','755','06. Informes','/informe/listado','A',5,null,'/salida/informe/','06. Informes');
Insert into ENOC.MODULO_OPCION (MODULO_ID,OPCION_ID,NOMBRE_OPCION,URL,ICONO,ORDEN,MAPA,CARPETA,NOMBRE_INGLES) values ('A06','060','04.Cursos','/cursos/cursos','A',1,'012','/datos_profesor/cursos/','04.Cursos');
Insert into ENOC.MODULO_OPCION (MODULO_ID,OPCION_ID,NOMBRE_OPCION,URL,ICONO,ORDEN,MAPA,CARPETA,NOMBRE_INGLES) values ('A01','017','Grade Point Average','/gpa/gpa','A',18,null,'/catalogos/gpa/','Grade Point Average');
Insert into ENOC.MODULO_OPCION (MODULO_ID,OPCION_ID,NOMBRE_OPCION,URL,ICONO,ORDEN,MAPA,CARPETA,NOMBRE_INGLES) values ('A08','161','05.Permiso de archivos','/permisos/permiso','A',11,'114','/archivo/permisos/','05.Permiso de archivos');
Insert into ENOC.MODULO_OPCION (MODULO_ID,OPCION_ID,NOMBRE_OPCION,URL,ICONO,ORDEN,MAPA,CARPETA,NOMBRE_INGLES) values ('A28','539','07.Reporte de Descuentos','/repdescuento/reporte','A',9,null,'/finanzas/repdescuento/','07.Reporte de Descuentos');
Insert into ENOC.MODULO_OPCION (MODULO_ID,OPCION_ID,NOMBRE_OPCION,URL,ICONO,ORDEN,MAPA,CARPETA,NOMBRE_INGLES) values ('A09','176','99.Rep. Total / Unidades','/total_unidad/total_unidad','A',7,'290','/disciplina/total_unidad/','99.Rep. Total / Unidades');
Insert into ENOC.MODULO_OPCION (MODULO_ID,OPCION_ID,NOMBRE_OPCION,URL,ICONO,ORDEN,MAPA,CARPETA,NOMBRE_INGLES) values ('A59','1163','04.IDP','/portafolio/datos','A',4,null,'/portales/portafolio/','04.IDP');
Insert into ENOC.MODULO_OPCION (MODULO_ID,OPCION_ID,NOMBRE_OPCION,URL,ICONO,ORDEN,MAPA,CARPETA,NOMBRE_INGLES) values ('A04','077','07. Reportes','/reportes/menu','A',7,null,'/admision/reportes/','07. Reportes');
Insert into ENOC.MODULO_OPCION (MODULO_ID,OPCION_ID,NOMBRE_OPCION,URL,ICONO,ORDEN,MAPA,CARPETA,NOMBRE_INGLES) values ('A37','737','07.Tipos/Cuentas','/tipocta/tipo','A',8,null,'/musica/tipocta/','07.Tipos/Cuentas');
Insert into ENOC.MODULO_OPCION (MODULO_ID,OPCION_ID,NOMBRE_OPCION,URL,ICONO,ORDEN,MAPA,CARPETA,NOMBRE_INGLES) values ('A20','376','Alumnos sin foto y no cotejados','/listas/lista','A',7,null,'/credencial_alum/listas/','Alumnos sin foto y no cotejados');
Insert into ENOC.MODULO_OPCION (MODULO_ID,OPCION_ID,NOMBRE_OPCION,URL,ICONO,ORDEN,MAPA,CARPETA,NOMBRE_INGLES) values ('A21','390','07.Subir fotos','/fotos/subir','A',1,null,'/credencial_emp/fotos/','07.Subir fotos');
Insert into ENOC.MODULO_OPCION (MODULO_ID,OPCION_ID,NOMBRE_OPCION,URL,ICONO,ORDEN,MAPA,CARPETA,NOMBRE_INGLES) values ('A21','391','08.Bajar fotos','/fotos/bajar','A',2,null,'/credencial_emp/fotos/','08.Bajar fotos');
Insert into ENOC.MODULO_OPCION (MODULO_ID,OPCION_ID,NOMBRE_OPCION,URL,ICONO,ORDEN,MAPA,CARPETA,NOMBRE_INGLES) values ('A21','392','01.Datos empleado','/datos_emp/dato_emp','A',3,null,'/credencial_emp/datos_emp/','01.Datos empleado');
Insert into ENOC.MODULO_OPCION (MODULO_ID,OPCION_ID,NOMBRE_OPCION,URL,ICONO,ORDEN,MAPA,CARPETA,NOMBRE_INGLES) values ('A10','192','02.Datos de extranjero','/extranjero/extranjero','A',3,'123','/extranjeros/extranjero/','02.Datos de extranjero');
Insert into ENOC.MODULO_OPCION (MODULO_ID,OPCION_ID,NOMBRE_OPCION,URL,ICONO,ORDEN,MAPA,CARPETA,NOMBRE_INGLES) values ('A10','194','05.Permisos','/permisos/lista','A',5,'126','/extranjeros/permisos/','05.Permisos');
Insert into ENOC.MODULO_OPCION (MODULO_ID,OPCION_ID,NOMBRE_OPCION,URL,ICONO,ORDEN,MAPA,CARPETA,NOMBRE_INGLES) values ('A35','696','07.Total por Carrera','/total/carreras','A',7,null,'/graduacion/total/','07.Total por Carrera');
Insert into ENOC.MODULO_OPCION (MODULO_ID,OPCION_ID,NOMBRE_OPCION,URL,ICONO,ORDEN,MAPA,CARPETA,NOMBRE_INGLES) values ('A59','1160','01.Alumno','/alumno/resumen','A',1,null,'/portales/alumno/','01.Student');
Insert into ENOC.MODULO_OPCION (MODULO_ID,OPCION_ID,NOMBRE_OPCION,URL,ICONO,ORDEN,MAPA,CARPETA,NOMBRE_INGLES) values ('A59','1161','02.Maestro','/maestro/cursos','A',2,null,'/portales/maestro/','02.Maestro');
Insert into ENOC.MODULO_OPCION (MODULO_ID,OPCION_ID,NOMBRE_OPCION,URL,ICONO,ORDEN,MAPA,CARPETA,NOMBRE_INGLES) values ('A59','1162','03.Mentor','/mentor/portal','A',3,null,'/portales/mentor/','03.Mentor');
Insert into ENOC.MODULO_OPCION (MODULO_ID,OPCION_ID,NOMBRE_OPCION,URL,ICONO,ORDEN,MAPA,CARPETA,NOMBRE_INGLES) values ('A59','1164','05.Preceptor','/preceptor/personal','A',5,null,'/portales/preceptor/','05.Preceptor');
Insert into ENOC.MODULO_OPCION (MODULO_ID,OPCION_ID,NOMBRE_OPCION,URL,ICONO,ORDEN,MAPA,CARPETA,NOMBRE_INGLES) values ('A22','413','05.Candados activos','/reporte/rep_candado','A',5,null,'/candados/reporte/','05.Candados activos');
Insert into ENOC.MODULO_OPCION (MODULO_ID,OPCION_ID,NOMBRE_OPCION,URL,ICONO,ORDEN,MAPA,CARPETA,NOMBRE_INGLES) values ('A34','670','02.Cuestionario Estudiantil','/estudiantil/cuestionarios','A',1,null,'/evaluacion/estudiantil/','02.Cuestionario Estudiantil');
Insert into ENOC.MODULO_OPCION (MODULO_ID,OPCION_ID,NOMBRE_OPCION,URL,ICONO,ORDEN,MAPA,CARPETA,NOMBRE_INGLES) values ('A11','212','07. Entrevistas','/entrevistas/menu','A',1,null,'/mentores/entrevistas/','07. Entrevistas');
Insert into ENOC.MODULO_OPCION (MODULO_ID,OPCION_ID,NOMBRE_OPCION,URL,ICONO,ORDEN,MAPA,CARPETA,NOMBRE_INGLES) values ('A20','374','Lista de alumnos sin foto','/listas/lista','A',5,null,'/credencial_alum/listas/','Lista de alumnos sin foto');
Insert into ENOC.MODULO_OPCION (MODULO_ID,OPCION_ID,NOMBRE_OPCION,URL,ICONO,ORDEN,MAPA,CARPETA,NOMBRE_INGLES) values ('A20','370','Subir fotos','/fotos/subir','A',1,null,'/credencial_alum/fotos/','Subir fotos');
Insert into ENOC.MODULO_OPCION (MODULO_ID,OPCION_ID,NOMBRE_OPCION,URL,ICONO,ORDEN,MAPA,CARPETA,NOMBRE_INGLES) values ('A10','199','06.Rep. por periodos','/reportes/elige_carga','A',10,'127','/extranjeros/reportes/','06.Rep. por periodos');
Insert into ENOC.MODULO_OPCION (MODULO_ID,OPCION_ID,NOMBRE_OPCION,URL,ICONO,ORDEN,MAPA,CARPETA,NOMBRE_INGLES) values ('A29','572','07.Inscritos por facultad','/inscritos_fac/inscritos','A',9,'195','/inscritos/inscritos_fac/','07.Inscritos por facultad');
Insert into ENOC.MODULO_OPCION (MODULO_ID,OPCION_ID,NOMBRE_OPCION,URL,ICONO,ORDEN,MAPA,CARPETA,NOMBRE_INGLES) values ('A02','033','05.Consulta planes y materias','/consulta_mat/facultad','A',4,'0  ','/mapa/consulta_mat/','05.Consulta planes y materias');
Insert into ENOC.MODULO_OPCION (MODULO_ID,OPCION_ID,NOMBRE_OPCION,URL,ICONO,ORDEN,MAPA,CARPETA,NOMBRE_INGLES) values ('A04','082','10. Vue 3','/vue/uno','A',10,null,'/admision/vue/','10. Vue 3');
Insert into ENOC.MODULO_OPCION (MODULO_ID,OPCION_ID,NOMBRE_OPCION,URL,ICONO,ORDEN,MAPA,CARPETA,NOMBRE_INGLES) values ('A09','179','99.Rep. por facultad','/elogios_rep/elogios_rep','A',10,null,'/disciplina/elogios_rep/','99.Rep. por facultad');
Insert into ENOC.MODULO_OPCION (MODULO_ID,OPCION_ID,NOMBRE_OPCION,URL,ICONO,ORDEN,MAPA,CARPETA,NOMBRE_INGLES) values ('A40','794','99.Boletas de calificación','/boletas/rangos','A',10,null,'/rendimiento/boletas/','99.Boletas de calificación');
Insert into ENOC.MODULO_OPCION (MODULO_ID,OPCION_ID,NOMBRE_OPCION,URL,ICONO,ORDEN,MAPA,CARPETA,NOMBRE_INGLES) values ('A22','410','02.Registro de candados','/alumno/cand_alum','A',2,'++ ','/candados/alumno/','02.Registro de candados');
Insert into ENOC.MODULO_OPCION (MODULO_ID,OPCION_ID,NOMBRE_OPCION,URL,ICONO,ORDEN,MAPA,CARPETA,NOMBRE_INGLES) values ('A57','1122','03.Consultar documentos','/consulta/listado','A',3,null,'/expediente/consulta/','03.Consultar documentos');
Insert into ENOC.MODULO_OPCION (MODULO_ID,OPCION_ID,NOMBRE_OPCION,URL,ICONO,ORDEN,MAPA,CARPETA,NOMBRE_INGLES) values ('A22','412','01.Catálogo de candados','/catalogo/candados','A',1,null,'/candados/catalogo/','01.Catálogo de candados');
Insert into ENOC.MODULO_OPCION (MODULO_ID,OPCION_ID,NOMBRE_OPCION,URL,ICONO,ORDEN,MAPA,CARPETA,NOMBRE_INGLES) values ('A51','1001','Admin. Proyectos','/admin/proyecto','A',2,null,'/investigacion/admin/','Admin. Proyectos');
Insert into ENOC.MODULO_OPCION (MODULO_ID,OPCION_ID,NOMBRE_OPCION,URL,ICONO,ORDEN,MAPA,CARPETA,NOMBRE_INGLES) values ('A29','576','02.Gráficas de pastel','/estadistica/inscritos','A',6,'099','/inscritos/estadistica/','02.Gráficas de pastel');
Insert into ENOC.MODULO_OPCION (MODULO_ID,OPCION_ID,NOMBRE_OPCION,URL,ICONO,ORDEN,MAPA,CARPETA,NOMBRE_INGLES) values ('A23','430','11.Indicadores','/indicadores/indicadores','A',1,null,'/bsc/indicadores/','11.Indicadores');
Insert into ENOC.MODULO_OPCION (MODULO_ID,OPCION_ID,NOMBRE_OPCION,URL,ICONO,ORDEN,MAPA,CARPETA,NOMBRE_INGLES) values ('A29','582','13.Ventas por Facultades','/ventas/ventas','A',12,null,'/inscritos/ventas/','13.Ventas por Facultades');
Insert into ENOC.MODULO_OPCION (MODULO_ID,OPCION_ID,NOMBRE_OPCION,URL,ICONO,ORDEN,MAPA,CARPETA,NOMBRE_INGLES) values ('A23','431','08.Registro de notas','/registronotas/rcarga','A',2,null,'/bsc/registronotas/','08.Registro de notas');
Insert into ENOC.MODULO_OPCION (MODULO_ID,OPCION_ID,NOMBRE_OPCION,URL,ICONO,ORDEN,MAPA,CARPETA,NOMBRE_INGLES) values ('A09','170','04.Captura de unidades','/unidades/unidad','A',1,'289','/disciplina/unidades/','04.Captura de unidades');
Insert into ENOC.MODULO_OPCION (MODULO_ID,OPCION_ID,NOMBRE_OPCION,URL,ICONO,ORDEN,MAPA,CARPETA,NOMBRE_INGLES) values ('A09','171','01.Jueces','/cat_juez/juez','A',2,'287','/disciplina/cat_juez/','01.Jueces');
Insert into ENOC.MODULO_OPCION (MODULO_ID,OPCION_ID,NOMBRE_OPCION,URL,ICONO,ORDEN,MAPA,CARPETA,NOMBRE_INGLES) values ('A40','795','02.Promedio por cargas','/prom_carga/promedio','A',11,null,'/rendimiento/prom_carga/','02.Promedio por cargas');
Insert into ENOC.MODULO_OPCION (MODULO_ID,OPCION_ID,NOMBRE_OPCION,URL,ICONO,ORDEN,MAPA,CARPETA,NOMBRE_INGLES) values ('A16','313','99.Lista de altas y bajas','/alta_baja/listado','A',4,'190','/informes/alta_baja/','99.Lista de altas y bajas');
Insert into ENOC.MODULO_OPCION (MODULO_ID,OPCION_ID,NOMBRE_OPCION,URL,ICONO,ORDEN,MAPA,CARPETA,NOMBRE_INGLES) values ('A01','006','Religión','/religion/religion','A',1,'200','/catalogos/religion/','Religión');
Insert into ENOC.MODULO_OPCION (MODULO_ID,OPCION_ID,NOMBRE_OPCION,URL,ICONO,ORDEN,MAPA,CARPETA,NOMBRE_INGLES) values ('A35','695','03.Atuendos','/atuendos/atuendos','A',6,null,'/graduacion/atuendos/','03.Atuendos');
Insert into ENOC.MODULO_OPCION (MODULO_ID,OPCION_ID,NOMBRE_OPCION,URL,ICONO,ORDEN,MAPA,CARPETA,NOMBRE_INGLES) values ('A03','050','01.Cargas','/carga/carga','A',1,'028','/carga_grupo/carga/','01.Cargas');
Insert into ENOC.MODULO_OPCION (MODULO_ID,OPCION_ID,NOMBRE_OPCION,URL,ICONO,ORDEN,MAPA,CARPETA,NOMBRE_INGLES) values ('A01','001','Instituciones','/instituciones/institucion','A',2,null,'/catalogos/instituciones/','Instituciones');
Insert into ENOC.MODULO_OPCION (MODULO_ID,OPCION_ID,NOMBRE_OPCION,URL,ICONO,ORDEN,MAPA,CARPETA,NOMBRE_INGLES) values ('A43','852','03.Avance en plan','/avance/planes','A',3,'187','/analisis/avance/','03.Avance en plan');
Insert into ENOC.MODULO_OPCION (MODULO_ID,OPCION_ID,NOMBRE_OPCION,URL,ICONO,ORDEN,MAPA,CARPETA,NOMBRE_INGLES) values ('A01','002','Modalidades','/modalidad/modalidad','A',3,null,'/catalogos/modalidad/','Modalidades');
Insert into ENOC.MODULO_OPCION (MODULO_ID,OPCION_ID,NOMBRE_OPCION,URL,ICONO,ORDEN,MAPA,CARPETA,NOMBRE_INGLES) values ('A01','003','Edificios','/edificios/edificios','A',4,'205','/catalogos/edificios/','Edificios');
Insert into ENOC.MODULO_OPCION (MODULO_ID,OPCION_ID,NOMBRE_OPCION,URL,ICONO,ORDEN,MAPA,CARPETA,NOMBRE_INGLES) values ('A03','051','02.Bloques','/bloque/bloque','A',2,'031','/carga_grupo/bloque/','02.Bloques');
Insert into ENOC.MODULO_OPCION (MODULO_ID,OPCION_ID,NOMBRE_OPCION,URL,ICONO,ORDEN,MAPA,CARPETA,NOMBRE_INGLES) values ('A15','291','03.Elegir carga','/carga/carga','A',2,null,'/parametros/carga/','03.Elegir carga');
Insert into ENOC.MODULO_OPCION (MODULO_ID,OPCION_ID,NOMBRE_OPCION,URL,ICONO,ORDEN,MAPA,CARPETA,NOMBRE_INGLES) values ('A01','004','Países','/pais/paises','A',5,'202','/catalogos/pais/','Países');
Insert into ENOC.MODULO_OPCION (MODULO_ID,OPCION_ID,NOMBRE_OPCION,URL,ICONO,ORDEN,MAPA,CARPETA,NOMBRE_INGLES) values ('A02','030','01.Plan estudios','/plan/facultad','A',1,'025','/mapa/plan/','01.Plan estudios');
Insert into ENOC.MODULO_OPCION (MODULO_ID,OPCION_ID,NOMBRE_OPCION,URL,ICONO,ORDEN,MAPA,CARPETA,NOMBRE_INGLES) values ('A04','071','02. Asigna plan','/plan/planes','A',2,'075','/admision/plan/','02. Asigna plan');
Insert into ENOC.MODULO_OPCION (MODULO_ID,OPCION_ID,NOMBRE_OPCION,URL,ICONO,ORDEN,MAPA,CARPETA,NOMBRE_INGLES) values ('A01','005','División','/division/division','A',6,'203','/catalogos/division/','División');
Insert into ENOC.MODULO_OPCION (MODULO_ID,OPCION_ID,NOMBRE_OPCION,URL,ICONO,ORDEN,MAPA,CARPETA,NOMBRE_INGLES) values ('A36','722','12.Alumnos en remedial','/remedial/lista','A',12,null,'/admlinea/remedial/','12.Alumnos en remedial');
Insert into ENOC.MODULO_OPCION (MODULO_ID,OPCION_ID,NOMBRE_OPCION,URL,ICONO,ORDEN,MAPA,CARPETA,NOMBRE_INGLES) values ('A01','007','Área','/area/areas','A',8,null,'/catalogos/area/','Área');
Insert into ENOC.MODULO_OPCION (MODULO_ID,OPCION_ID,NOMBRE_OPCION,URL,ICONO,ORDEN,MAPA,CARPETA,NOMBRE_INGLES) values ('A01','008','Escuelas','/escuela/escuela','A',9,null,'/catalogos/escuela/','Escuelas');
Insert into ENOC.MODULO_OPCION (MODULO_ID,OPCION_ID,NOMBRE_OPCION,URL,ICONO,ORDEN,MAPA,CARPETA,NOMBRE_INGLES) values ('A01','009','Extensión','/extension/extension','A',10,'201','/catalogos/extension/','Extensión');
Insert into ENOC.MODULO_OPCION (MODULO_ID,OPCION_ID,NOMBRE_OPCION,URL,ICONO,ORDEN,MAPA,CARPETA,NOMBRE_INGLES) values ('A01','010','Estrategias','/estrategia/estrategia','A',11,null,'/catalogos/estrategia/','Estrategias');
Insert into ENOC.MODULO_OPCION (MODULO_ID,OPCION_ID,NOMBRE_OPCION,URL,ICONO,ORDEN,MAPA,CARPETA,NOMBRE_INGLES) values ('A01','012','Tipo alumno','/tipoalumno/tipoalumno','A',13,null,'/catalogos/tipoalumno/','Tipo alumno');
Insert into ENOC.MODULO_OPCION (MODULO_ID,OPCION_ID,NOMBRE_OPCION,URL,ICONO,ORDEN,MAPA,CARPETA,NOMBRE_INGLES) values ('A01','013','Niveles','/nivel/nivel','A',14,'204','/catalogos/nivel/','Niveles');
Insert into ENOC.MODULO_OPCION (MODULO_ID,OPCION_ID,NOMBRE_OPCION,URL,ICONO,ORDEN,MAPA,CARPETA,NOMBRE_INGLES) values ('A02','031','02.Materias','/materia/facultad','A',2,'026','/mapa/materia/','02.Materias');
Insert into ENOC.MODULO_OPCION (MODULO_ID,OPCION_ID,NOMBRE_OPCION,URL,ICONO,ORDEN,MAPA,CARPETA,NOMBRE_INGLES) values ('A42','091','Cursos importados','/importado/cursos','A',1,'006','/notas/importado/','Cursos importados');
Insert into ENOC.MODULO_OPCION (MODULO_ID,OPCION_ID,NOMBRE_OPCION,URL,ICONO,ORDEN,MAPA,CARPETA,NOMBRE_INGLES) values ('A13','251','02.Acceso a las aplicaciones','/aplicaciones/menu','A',2,'221','/usuarios/aplicaciones/','02.Acceso a las aplicaciones');
Insert into ENOC.MODULO_OPCION (MODULO_ID,OPCION_ID,NOMBRE_OPCION,URL,ICONO,ORDEN,MAPA,CARPETA,NOMBRE_INGLES) values ('A36','718','10.Consulta sedes','/consulta/lista','A',10,null,'/admlinea/consulta/','10.Consulta sedes');
Insert into ENOC.MODULO_OPCION (MODULO_ID,OPCION_ID,NOMBRE_OPCION,URL,ICONO,ORDEN,MAPA,CARPETA,NOMBRE_INGLES) values ('A06','061','05.Evaluar','/evalua/cursos','A',2,'014','/datos_profesor/evalua/','05.Evaluar');
Insert into ENOC.MODULO_OPCION (MODULO_ID,OPCION_ID,NOMBRE_OPCION,URL,ICONO,ORDEN,MAPA,CARPETA,NOMBRE_INGLES) values ('A49','971','01.Periodos','/periodos/periodos','A',2,null,'/alerta/periodos/','01.Periodos');
Insert into ENOC.MODULO_OPCION (MODULO_ID,OPCION_ID,NOMBRE_OPCION,URL,ICONO,ORDEN,MAPA,CARPETA,NOMBRE_INGLES) values ('A54','1063','3. Rango','/rango/lista','A',3,null,'/horas/rango/','3. Rango');
Insert into ENOC.MODULO_OPCION (MODULO_ID,OPCION_ID,NOMBRE_OPCION,URL,ICONO,ORDEN,MAPA,CARPETA,NOMBRE_INGLES) values ('A54','1064','2. Documentos','/docemp/documentos','A',2,null,'/horas/docemp/','2. Documentos');
Insert into ENOC.MODULO_OPCION (MODULO_ID,OPCION_ID,NOMBRE_OPCION,URL,ICONO,ORDEN,MAPA,CARPETA,NOMBRE_INGLES) values ('A36','715','04.Sedes de exámen','/sedes/lista','A',7,null,'/admlinea/sedes/','04.Sedes de exámen');
Insert into ENOC.MODULO_OPCION (MODULO_ID,OPCION_ID,NOMBRE_OPCION,URL,ICONO,ORDEN,MAPA,CARPETA,NOMBRE_INGLES) values ('A44','870','2. Hospitales','/hospital/hospital','A',1,null,'/clinicos/hospital/','2. Hospitales');
Insert into ENOC.MODULO_OPCION (MODULO_ID,OPCION_ID,NOMBRE_OPCION,URL,ICONO,ORDEN,MAPA,CARPETA,NOMBRE_INGLES) values ('A42','094','Certificado','/certificado/certifica_show','A',3,'010','/notas/certificado/','Certificado');
Insert into ENOC.MODULO_OPCION (MODULO_ID,OPCION_ID,NOMBRE_OPCION,URL,ICONO,ORDEN,MAPA,CARPETA,NOMBRE_INGLES) values ('A41','095','01.Constancia de estudios','/constancia/form','A',6,'009','/cartas/constancia/','01.Constancia de estudios');
Insert into ENOC.MODULO_OPCION (MODULO_ID,OPCION_ID,NOMBRE_OPCION,URL,ICONO,ORDEN,MAPA,CARPETA,NOMBRE_INGLES) values ('A42','096','Convalidar','/convalidar/convalidar','A',4,'035','/notas/convalidar/','Convalidar');
Insert into ENOC.MODULO_OPCION (MODULO_ID,OPCION_ID,NOMBRE_OPCION,URL,ICONO,ORDEN,MAPA,CARPETA,NOMBRE_INGLES) values ('A42','097','Ponderado','/../portales/alumno/promedio','A',5,'047','/notas/../','Ponderado');
Insert into ENOC.MODULO_OPCION (MODULO_ID,OPCION_ID,NOMBRE_OPCION,URL,ICONO,ORDEN,MAPA,CARPETA,NOMBRE_INGLES) values ('A08','159','01.Documentos','/documentos/documentos','A',1,'103','/archivo/documentos/','01.Documentos');
Insert into ENOC.MODULO_OPCION (MODULO_ID,OPCION_ID,NOMBRE_OPCION,URL,ICONO,ORDEN,MAPA,CARPETA,NOMBRE_INGLES) values ('A08','158','02.Estados','/estados/estados','A',2,'104','/archivo/estados/','02.Estados');
Insert into ENOC.MODULO_OPCION (MODULO_ID,OPCION_ID,NOMBRE_OPCION,URL,ICONO,ORDEN,MAPA,CARPETA,NOMBRE_INGLES) values ('A01','015','Razones','/razon/razon','A',16,null,'/catalogos/razon/','Razones');
Insert into ENOC.MODULO_OPCION (MODULO_ID,OPCION_ID,NOMBRE_OPCION,URL,ICONO,ORDEN,MAPA,CARPETA,NOMBRE_INGLES) values ('A10','196','99.Condiciones','/condiciones/condiciones','A',7,'125','/extranjeros/condiciones/','99.Condiciones');
Insert into ENOC.MODULO_OPCION (MODULO_ID,OPCION_ID,NOMBRE_OPCION,URL,ICONO,ORDEN,MAPA,CARPETA,NOMBRE_INGLES) values ('A08','150','10.Reportes','/reportes/menu','A',14,null,'/archivo/reportes/','10.Reportes');
Insert into ENOC.MODULO_OPCION (MODULO_ID,OPCION_ID,NOMBRE_OPCION,URL,ICONO,ORDEN,MAPA,CARPETA,NOMBRE_INGLES) values ('A30','595','99.Periodos de evaluación','/periodo/periodo','A',1,null,'/aptitud_fisica/periodo/','99.Periodos de evaluación');
Insert into ENOC.MODULO_OPCION (MODULO_ID,OPCION_ID,NOMBRE_OPCION,URL,ICONO,ORDEN,MAPA,CARPETA,NOMBRE_INGLES) values ('A10','200','08.Rep. de inscritos','/ext_inscritos/ext_inscritos','A',11,null,'/extranjeros/ext_inscritos/','08.Rep. de inscritos');
Insert into ENOC.MODULO_OPCION (MODULO_ID,OPCION_ID,NOMBRE_OPCION,URL,ICONO,ORDEN,MAPA,CARPETA,NOMBRE_INGLES) values ('A10','201','09.Rep. de extranjeros','/estadistica/elegir','A',12,null,'/extranjeros/estadistica/','09.Rep. de extranjeros');
Insert into ENOC.MODULO_OPCION (MODULO_ID,OPCION_ID,NOMBRE_OPCION,URL,ICONO,ORDEN,MAPA,CARPETA,NOMBRE_INGLES) values ('A11','229','10. Entregar Agenda','/agenda/listado','A',10,null,'/mentores/agenda/','10. Entregar Agenda');
Insert into ENOC.MODULO_OPCION (MODULO_ID,OPCION_ID,NOMBRE_OPCION,URL,ICONO,ORDEN,MAPA,CARPETA,NOMBRE_INGLES) values ('A43','853','04.Concentrado de calif.','/sabana/carreras','A',4,null,'/analisis/sabana/','04.Concentrado de calif.');
Insert into ENOC.MODULO_OPCION (MODULO_ID,OPCION_ID,NOMBRE_OPCION,URL,ICONO,ORDEN,MAPA,CARPETA,NOMBRE_INGLES) values ('A21','393','03.Cumpleaños','/cumple/mes','A',4,null,'/credencial_emp/cumple/','03.Cumpleaños');
Insert into ENOC.MODULO_OPCION (MODULO_ID,OPCION_ID,NOMBRE_OPCION,URL,ICONO,ORDEN,MAPA,CARPETA,NOMBRE_INGLES) values ('A12','237','02.Reportes','/estadistica/menu','A',8,null,'/residencia/estadistica/','02.Reportes');
Insert into ENOC.MODULO_OPCION (MODULO_ID,OPCION_ID,NOMBRE_OPCION,URL,ICONO,ORDEN,MAPA,CARPETA,NOMBRE_INGLES) values ('A16','325','05.Alumnos de baja','/baja_total/bajas','A',9,null,'/informes/baja_total/','05.Alumnos de baja');
Insert into ENOC.MODULO_OPCION (MODULO_ID,OPCION_ID,NOMBRE_OPCION,URL,ICONO,ORDEN,MAPA,CARPETA,NOMBRE_INGLES) values ('A05','102','08.Foto y credencial','/fotocredencial/datos','A',13,null,'/datos_alumno/fotocredencial/','08.Foto y credencial');
Insert into ENOC.MODULO_OPCION (MODULO_ID,OPCION_ID,NOMBRE_OPCION,URL,ICONO,ORDEN,MAPA,CARPETA,NOMBRE_INGLES) values ('A18','334','05.Cancela estudios','/cancela/cancelaAlumno','A',5,null,'/administrar/cancela/','05.Cancela estudios');
Insert into ENOC.MODULO_OPCION (MODULO_ID,OPCION_ID,NOMBRE_OPCION,URL,ICONO,ORDEN,MAPA,CARPETA,NOMBRE_INGLES) values ('A19','365','99.Browser','/browser/browser','A',16,'692','/utilerias/browser/','99.Browser');
Insert into ENOC.MODULO_OPCION (MODULO_ID,OPCION_ID,NOMBRE_OPCION,URL,ICONO,ORDEN,MAPA,CARPETA,NOMBRE_INGLES) values ('A26','491','02.Internado calificado','/calificado/reporte','A',2,null,'/internado/calificado/','02.Internado calificado');
Insert into ENOC.MODULO_OPCION (MODULO_ID,OPCION_ID,NOMBRE_OPCION,URL,ICONO,ORDEN,MAPA,CARPETA,NOMBRE_INGLES) values ('A42','103','New ponderado','/../portales/alumno/ponderado','A',8,null,'/notas/../','New ponderado');
Insert into ENOC.MODULO_OPCION (MODULO_ID,OPCION_ID,NOMBRE_OPCION,URL,ICONO,ORDEN,MAPA,CARPETA,NOMBRE_INGLES) values ('A19','354','99.Traspaso de imágenes','/img_doc/traspaso','A',6,null,'/utilerias/img_doc/','99.Traspaso de imágenes');
Insert into ENOC.MODULO_OPCION (MODULO_ID,OPCION_ID,NOMBRE_OPCION,URL,ICONO,ORDEN,MAPA,CARPETA,NOMBRE_INGLES) values ('A19','355','99.Trasapaso arch. alumnos','/img_doc/traspasoArchivos','A',5,null,'/utilerias/img_doc/','99.Trasapaso arch. alumnos');
Insert into ENOC.MODULO_OPCION (MODULO_ID,OPCION_ID,NOMBRE_OPCION,URL,ICONO,ORDEN,MAPA,CARPETA,NOMBRE_INGLES) values ('A19','356','99.Traspaso arch. Profesores','/img_doc/traspasoProfesor','A',7,null,'/utilerias/img_doc/','99.Traspaso arch. Profesores');
Insert into ENOC.MODULO_OPCION (MODULO_ID,OPCION_ID,NOMBRE_OPCION,URL,ICONO,ORDEN,MAPA,CARPETA,NOMBRE_INGLES) values ('A19','357','99.Sin imagen','/img_doc/sinImagen','A',8,null,'/utilerias/img_doc/','99.Sin imagen');
Insert into ENOC.MODULO_OPCION (MODULO_ID,OPCION_ID,NOMBRE_OPCION,URL,ICONO,ORDEN,MAPA,CARPETA,NOMBRE_INGLES) values ('A17','553','06. Revisar conv. registradas','/registro/registradas','A',5,null,'/convalida/registro/','06. Revisar conv. registradas');
Insert into ENOC.MODULO_OPCION (MODULO_ID,OPCION_ID,NOMBRE_OPCION,URL,ICONO,ORDEN,MAPA,CARPETA,NOMBRE_INGLES) values ('A17','550','03. Convalidación Externa','/solicitud/solicitud','A',1,null,'/convalida/solicitud/','03. Convalidación Externa');
Insert into ENOC.MODULO_OPCION (MODULO_ID,OPCION_ID,NOMBRE_OPCION,URL,ICONO,ORDEN,MAPA,CARPETA,NOMBRE_INGLES) values ('A17','551','04. Administrar convalidaciones','/proceso/facultad','A',3,null,'/convalida/proceso/','04. Administrar convalidaciones');
Insert into ENOC.MODULO_OPCION (MODULO_ID,OPCION_ID,NOMBRE_OPCION,URL,ICONO,ORDEN,MAPA,CARPETA,NOMBRE_INGLES) values ('A17','552','05. Lista de convalidaciones','/listado/listaConv','A',4,null,'/convalida/listado/','05. Lista de convalidaciones');
Insert into ENOC.MODULO_OPCION (MODULO_ID,OPCION_ID,NOMBRE_OPCION,URL,ICONO,ORDEN,MAPA,CARPETA,NOMBRE_INGLES) values ('A18','340','09.Subir estadistica SE','/se/estadistica','A',9,null,'/administrar/se/','09.Subir estadistica SE');
Insert into ENOC.MODULO_OPCION (MODULO_ID,OPCION_ID,NOMBRE_OPCION,URL,ICONO,ORDEN,MAPA,CARPETA,NOMBRE_INGLES) values ('A18','333','01.Análisis de Evaluaciones','/analisis/menu','A',1,null,'/administrar/analisis/','01.Análisis de Evaluaciones');
Insert into ENOC.MODULO_OPCION (MODULO_ID,OPCION_ID,NOMBRE_OPCION,URL,ICONO,ORDEN,MAPA,CARPETA,NOMBRE_INGLES) values ('A57','1120','01.Lista Documentos','/documentos/listado','A',1,null,'/expediente/documentos/','01.Lista Documentos');
Insert into ENOC.MODULO_OPCION (MODULO_ID,OPCION_ID,NOMBRE_OPCION,URL,ICONO,ORDEN,MAPA,CARPETA,NOMBRE_INGLES) values ('A43','858','06.Estadística por estados','/est_estado/reporte','A',5,null,'/analisis/est_estado/','06.Estadística por estados');
Insert into ENOC.MODULO_OPCION (MODULO_ID,OPCION_ID,NOMBRE_OPCION,URL,ICONO,ORDEN,MAPA,CARPETA,NOMBRE_INGLES) values ('A57','1121','02.Documentos Empleado','/empleado/listado','A',2,null,'/expediente/empleado/','02.Documentos Empleado');
Insert into ENOC.MODULO_OPCION (MODULO_ID,OPCION_ID,NOMBRE_OPCION,URL,ICONO,ORDEN,MAPA,CARPETA,NOMBRE_INGLES) values ('A11','214','08. Reportes','/reportes/menu','A',2,null,'/mentores/reportes/','08. Reportes');
Insert into ENOC.MODULO_OPCION (MODULO_ID,OPCION_ID,NOMBRE_OPCION,URL,ICONO,ORDEN,MAPA,CARPETA,NOMBRE_INGLES) values ('A25','473','05.Reportes','/reporte/menu','A',5,null,'/servicio/reporte/','05.Reportes');
Insert into ENOC.MODULO_OPCION (MODULO_ID,OPCION_ID,NOMBRE_OPCION,URL,ICONO,ORDEN,MAPA,CARPETA,NOMBRE_INGLES) values ('A41','810','02.Constancia de est. con materias','/constancia_mat/form','A',15,null,'/cartas/constancia_mat/','02.Constancia de est. con materias');
Insert into ENOC.MODULO_OPCION (MODULO_ID,OPCION_ID,NOMBRE_OPCION,URL,ICONO,ORDEN,MAPA,CARPETA,NOMBRE_INGLES) values ('A25','474','03.Sector/Institución','/sector/sector','A',3,null,'/servicio/sector/','03.Sector/Institución');
Insert into ENOC.MODULO_OPCION (MODULO_ID,OPCION_ID,NOMBRE_OPCION,URL,ICONO,ORDEN,MAPA,CARPETA,NOMBRE_INGLES) values ('A43','855','02.Creditos por Maestro','/creditosMaestro/maestros','A',7,null,'/analisis/creditosMaestro/','02.Creditos por Maestro');
Insert into ENOC.MODULO_OPCION (MODULO_ID,OPCION_ID,NOMBRE_OPCION,URL,ICONO,ORDEN,MAPA,CARPETA,NOMBRE_INGLES) values ('A01','011','Tipo calificación','/tipocal/tipocal','A',12,null,'/catalogos/tipocal/','Tipo calificación');
Insert into ENOC.MODULO_OPCION (MODULO_ID,OPCION_ID,NOMBRE_OPCION,URL,ICONO,ORDEN,MAPA,CARPETA,NOMBRE_INGLES) values ('A10','190','01.Documentos','/documentos/documentos','A',1,'120','/extranjeros/documentos/','01.Documentos');
Insert into ENOC.MODULO_OPCION (MODULO_ID,OPCION_ID,NOMBRE_OPCION,URL,ICONO,ORDEN,MAPA,CARPETA,NOMBRE_INGLES) values ('A03','052','07.Permisos','/permiso/facultad','A',3,null,'/carga_grupo/permiso/','07.Permisos');
Insert into ENOC.MODULO_OPCION (MODULO_ID,OPCION_ID,NOMBRE_OPCION,URL,ICONO,ORDEN,MAPA,CARPETA,NOMBRE_INGLES) values ('A30','593','01.Grupos','/horario/grupo','A',4,null,'/aptitud_fisica/horario/','01.Grupos');
Insert into ENOC.MODULO_OPCION (MODULO_ID,OPCION_ID,NOMBRE_OPCION,URL,ICONO,ORDEN,MAPA,CARPETA,NOMBRE_INGLES) values ('A28','543','12.Alumnos bloqueados','/alumno/listado','A',13,null,'/finanzas/alumno/','12.Alumnos bloqueados');
Insert into ENOC.MODULO_OPCION (MODULO_ID,OPCION_ID,NOMBRE_OPCION,URL,ICONO,ORDEN,MAPA,CARPETA,NOMBRE_INGLES) values ('A60','1180','01.Diplomas','/diploma/listado','A',1,null,'/diploma/diploma/','01.Diplomas');
Insert into ENOC.MODULO_OPCION (MODULO_ID,OPCION_ID,NOMBRE_OPCION,URL,ICONO,ORDEN,MAPA,CARPETA,NOMBRE_INGLES) values ('A16','316','99.Lista primer ingreso','/datos_inscritos/inscritos','A',7,'193','/informes/datos_inscritos/','99.Lista primer ingreso');
Insert into ENOC.MODULO_OPCION (MODULO_ID,OPCION_ID,NOMBRE_OPCION,URL,ICONO,ORDEN,MAPA,CARPETA,NOMBRE_INGLES) values ('A29','574','06.Listado de inscritos','/inscritos/inscritos','A',5,'183','/inscritos/inscritos/','06.Listado de inscritos');
Insert into ENOC.MODULO_OPCION (MODULO_ID,OPCION_ID,NOMBRE_OPCION,URL,ICONO,ORDEN,MAPA,CARPETA,NOMBRE_INGLES) values ('A36','717','09.Acceso VoBo','/accesoVobo/listado','A',9,null,'/admlinea/accesoVobo/','09.Acceso VoBo');
Insert into ENOC.MODULO_OPCION (MODULO_ID,OPCION_ID,NOMBRE_OPCION,URL,ICONO,ORDEN,MAPA,CARPETA,NOMBRE_INGLES) values ('A04','080','09. Fotos Alumno','/fotos/alumnos','A',9,null,'/admision/fotos/','09. Fotos Alumno');
Insert into ENOC.MODULO_OPCION (MODULO_ID,OPCION_ID,NOMBRE_OPCION,URL,ICONO,ORDEN,MAPA,CARPETA,NOMBRE_INGLES) values ('A53','1049','09. Solicitudes en línea','/solicitud/listado','A',10,null,'/bitacora/solicitud/','09. Solicitudes en línea');
Insert into ENOC.MODULO_OPCION (MODULO_ID,OPCION_ID,NOMBRE_OPCION,URL,ICONO,ORDEN,MAPA,CARPETA,NOMBRE_INGLES) values ('A08','156','04.Documentos de alumno','/documentos_alumno/documentos','A',4,'106','/archivo/documentos_alumno/','04.Documentos de alumno');
Insert into ENOC.MODULO_OPCION (MODULO_ID,OPCION_ID,NOMBRE_OPCION,URL,ICONO,ORDEN,MAPA,CARPETA,NOMBRE_INGLES) values ('A05','099','07.Título suficiencia','/titulo/materias','A',10,'005','/datos_alumno/titulo/','07.Título suficiencia');
Insert into ENOC.MODULO_OPCION (MODULO_ID,OPCION_ID,NOMBRE_OPCION,URL,ICONO,ORDEN,MAPA,CARPETA,NOMBRE_INGLES) values ('A04','070','01. Datos personales','/datos/alumno','A',1,'021','/admision/datos/','01. Datos personales');
Insert into ENOC.MODULO_OPCION (MODULO_ID,OPCION_ID,NOMBRE_OPCION,URL,ICONO,ORDEN,MAPA,CARPETA,NOMBRE_INGLES) values ('A29','577','03.Estadística Concentrada','/tabla/bestadistica','A',3,'093','/inscritos/tabla/','03.Estadística Concentrada');
Insert into ENOC.MODULO_OPCION (MODULO_ID,OPCION_ID,NOMBRE_OPCION,URL,ICONO,ORDEN,MAPA,CARPETA,NOMBRE_INGLES) values ('A08','163','99.Respaldo de imágenes','/respaldo/menuRespaldos','A',13,'116','/archivo/respaldo/','99.Respaldo de imágenes');
Insert into ENOC.MODULO_OPCION (MODULO_ID,OPCION_ID,NOMBRE_OPCION,URL,ICONO,ORDEN,MAPA,CARPETA,NOMBRE_INGLES) values ('A09','172','02.Lugares','/cat_lugares/lugares','A',3,'286','/disciplina/cat_lugares/','02.Lugares');
Insert into ENOC.MODULO_OPCION (MODULO_ID,OPCION_ID,NOMBRE_OPCION,URL,ICONO,ORDEN,MAPA,CARPETA,NOMBRE_INGLES) values ('A13','250','03.Usuarios y privilegios','/privilegios/usuario','A',1,'220','/usuarios/privilegios/','03.Usuarios y privilegios');
Insert into ENOC.MODULO_OPCION (MODULO_ID,OPCION_ID,NOMBRE_OPCION,URL,ICONO,ORDEN,MAPA,CARPETA,NOMBRE_INGLES) values ('A40','793','04.Materias por Maestro','/aprovechamiento/carga','A',1,'037','/rendimiento/aprovechamiento/','04.Materias por Maestro');
Insert into ENOC.MODULO_OPCION (MODULO_ID,OPCION_ID,NOMBRE_OPCION,URL,ICONO,ORDEN,MAPA,CARPETA,NOMBRE_INGLES) values ('A03','053','08.Grupos y materias','/grupo/elegir','A',4,'029','/carga_grupo/grupo/','08.Grupos y materias');
Insert into ENOC.MODULO_OPCION (MODULO_ID,OPCION_ID,NOMBRE_OPCION,URL,ICONO,ORDEN,MAPA,CARPETA,NOMBRE_INGLES) values ('A31','613','04.Reportes','/reportes/menu','A',4,null,'/baja/reportes/','04.Reportes');
Insert into ENOC.MODULO_OPCION (MODULO_ID,OPCION_ID,NOMBRE_OPCION,URL,ICONO,ORDEN,MAPA,CARPETA,NOMBRE_INGLES) values ('A61','1200','01.Periodo','/periodo/lista','A',1,null,'/encuesta/periodo/','01.Periodo');
Insert into ENOC.MODULO_OPCION (MODULO_ID,OPCION_ID,NOMBRE_OPCION,URL,ICONO,ORDEN,MAPA,CARPETA,NOMBRE_INGLES) values ('A56','1102','3.Consultas','/consulta/listado','A',3,null,'/convenio/consulta/','3.Consultas');
Insert into ENOC.MODULO_OPCION (MODULO_ID,OPCION_ID,NOMBRE_OPCION,URL,ICONO,ORDEN,MAPA,CARPETA,NOMBRE_INGLES) values ('A03','056','09.Materias activas','/materias/activas','A',7,'084','/carga_grupo/materias/','09.Materias activas');
Insert into ENOC.MODULO_OPCION (MODULO_ID,OPCION_ID,NOMBRE_OPCION,URL,ICONO,ORDEN,MAPA,CARPETA,NOMBRE_INGLES) values ('A03','057','03.Lista cargas','/lista_carga/elegir','A',8,'030','/carga_grupo/lista_carga/','03.Lista cargas');
Insert into ENOC.MODULO_OPCION (MODULO_ID,OPCION_ID,NOMBRE_OPCION,URL,ICONO,ORDEN,MAPA,CARPETA,NOMBRE_INGLES) values ('A05','090','03.Cursos estudiando','/cursos/materias','A',1,'001','/datos_alumno/cursos/','03.Cursos estudiando');
Insert into ENOC.MODULO_OPCION (MODULO_ID,OPCION_ID,NOMBRE_OPCION,URL,ICONO,ORDEN,MAPA,CARPETA,NOMBRE_INGLES) values ('A47','932','03.Reportes','/reporte/listado','A',3,null,'/cultural/reporte/','03.Reportes');
Insert into ENOC.MODULO_OPCION (MODULO_ID,OPCION_ID,NOMBRE_OPCION,URL,ICONO,ORDEN,MAPA,CARPETA,NOMBRE_INGLES) values ('A43','856','05.Compara inscritos','/comparativo/cargas','A',8,'111','/analisis/comparativo/','05.Compara inscritos');
Insert into ENOC.MODULO_OPCION (MODULO_ID,OPCION_ID,NOMBRE_OPCION,URL,ICONO,ORDEN,MAPA,CARPETA,NOMBRE_INGLES) values ('A32','630','01.Actividad','/actividad/listado','A',1,null,'/hca/actividad/','01.Actividad');
Insert into ENOC.MODULO_OPCION (MODULO_ID,OPCION_ID,NOMBRE_OPCION,URL,ICONO,ORDEN,MAPA,CARPETA,NOMBRE_INGLES) values ('A32','631','03.Carga docente','/contrato/docente','A',2,null,'/hca/contrato/','03.Carga docente');
Insert into ENOC.MODULO_OPCION (MODULO_ID,OPCION_ID,NOMBRE_OPCION,URL,ICONO,ORDEN,MAPA,CARPETA,NOMBRE_INGLES) values ('A32','632','02.Base de maestros','/maestro/facultad','A',3,null,'/hca/maestro/','02.Base de maestros');
Insert into ENOC.MODULO_OPCION (MODULO_ID,OPCION_ID,NOMBRE_OPCION,URL,ICONO,ORDEN,MAPA,CARPETA,NOMBRE_INGLES) values ('A33','651','02. Traspaso de Materias','/traspaso/traspaso','A',2,null,'/certificacion/traspaso/','02. Traspaso de Materias');
Insert into ENOC.MODULO_OPCION (MODULO_ID,OPCION_ID,NOMBRE_OPCION,URL,ICONO,ORDEN,MAPA,CARPETA,NOMBRE_INGLES) values ('A30','596','99.Registro Antropométrico','/antro/listado','A',1,null,'/aptitud_fisica/antro/','99.Registro Antropométrico');
Insert into ENOC.MODULO_OPCION (MODULO_ID,OPCION_ID,NOMBRE_OPCION,URL,ICONO,ORDEN,MAPA,CARPETA,NOMBRE_INGLES) values ('A34','671','03.Cuestionarios Docentes','/docente/cuestionarios','A',2,null,'/evaluacion/docente/','03.Cuestionarios Docentes');
Insert into ENOC.MODULO_OPCION (MODULO_ID,OPCION_ID,NOMBRE_OPCION,URL,ICONO,ORDEN,MAPA,CARPETA,NOMBRE_INGLES) values ('A17','555','01. Periodos','/periodo/listado','A',6,null,'/convalida/periodo/','01. Periodos');
Insert into ENOC.MODULO_OPCION (MODULO_ID,OPCION_ID,NOMBRE_OPCION,URL,ICONO,ORDEN,MAPA,CARPETA,NOMBRE_INGLES) values ('A34','674','04.Asignación de Pares','/pares/par','A',5,null,'/evaluacion/pares/','04.Asignación de Pares');
Insert into ENOC.MODULO_OPCION (MODULO_ID,OPCION_ID,NOMBRE_OPCION,URL,ICONO,ORDEN,MAPA,CARPETA,NOMBRE_INGLES) values ('A34','675','01.Periodos','/periodo/periodo','A',6,null,'/evaluacion/periodo/','01.Periodos');
Insert into ENOC.MODULO_OPCION (MODULO_ID,OPCION_ID,NOMBRE_OPCION,URL,ICONO,ORDEN,MAPA,CARPETA,NOMBRE_INGLES) values ('A18','338','08.Estudios cancelados','/estudios/cancela','A',8,null,'/administrar/estudios/','08.Estudios cancelados');
Insert into ENOC.MODULO_OPCION (MODULO_ID,OPCION_ID,NOMBRE_OPCION,URL,ICONO,ORDEN,MAPA,CARPETA,NOMBRE_INGLES) values ('A13','252','04.Clave de usuario','/clave/usuario','A',3,'222','/usuarios/clave/','04.Clave de usuario');
Insert into ENOC.MODULO_OPCION (MODULO_ID,OPCION_ID,NOMBRE_OPCION,URL,ICONO,ORDEN,MAPA,CARPETA,NOMBRE_INGLES) values ('A16','315','01.Reporte para la SEP','/sep/reporte','A',6,null,'/informes/sep/','01.Reporte para la SEP');
Insert into ENOC.MODULO_OPCION (MODULO_ID,OPCION_ID,NOMBRE_OPCION,URL,ICONO,ORDEN,MAPA,CARPETA,NOMBRE_INGLES) values ('A16','317','03.Tipo alumno','/tipoAlumno/tipo','A',8,null,'/informes/tipoAlumno/','03.Tipo alumno');
Insert into ENOC.MODULO_OPCION (MODULO_ID,OPCION_ID,NOMBRE_OPCION,URL,ICONO,ORDEN,MAPA,CARPETA,NOMBRE_INGLES) values ('A32','635','05.Análisis de carga docente','/analisis/carga','A',5,null,'/hca/analisis/','05.Análisis de carga docente');
Insert into ENOC.MODULO_OPCION (MODULO_ID,OPCION_ID,NOMBRE_OPCION,URL,ICONO,ORDEN,MAPA,CARPETA,NOMBRE_INGLES) values ('A02','034','06.Planes 2010-2015','/nuevos/planes','A',5,null,'/mapa/nuevos/','06.Planes 2010-2015');
Insert into ENOC.MODULO_OPCION (MODULO_ID,OPCION_ID,NOMBRE_OPCION,URL,ICONO,ORDEN,MAPA,CARPETA,NOMBRE_INGLES) values ('A06','062','02.Lista/Curriculum','/curriculum/listado','A',3,'062','/datos_profesor/curriculum/','02.Lista/Curriculum');
Insert into ENOC.MODULO_OPCION (MODULO_ID,OPCION_ID,NOMBRE_OPCION,URL,ICONO,ORDEN,MAPA,CARPETA,NOMBRE_INGLES) values ('A36','710','05.Proceso de admisión','/admision/proceso','A',1,null,'/admlinea/admision/','05.Proceso de admisión');
Insert into ENOC.MODULO_OPCION (MODULO_ID,OPCION_ID,NOMBRE_OPCION,URL,ICONO,ORDEN,MAPA,CARPETA,NOMBRE_INGLES) values ('A05','108','09.Fotos en línea','/fotosEnlinea/enLinea','A',19,null,'/datos_alumno/fotosEnlinea/','09.Fotos en línea');
Insert into ENOC.MODULO_OPCION (MODULO_ID,OPCION_ID,NOMBRE_OPCION,URL,ICONO,ORDEN,MAPA,CARPETA,NOMBRE_INGLES) values ('A33','650','01. Planes','/planes/carrera','A',1,null,'/certificacion/planes/','01. Planes');
Insert into ENOC.MODULO_OPCION (MODULO_ID,OPCION_ID,NOMBRE_OPCION,URL,ICONO,ORDEN,MAPA,CARPETA,NOMBRE_INGLES) values ('A35','690','01.Eventos de graduación','/eventos/eventos','A',1,null,'/graduacion/eventos/','01.Eventos de graduación');
Insert into ENOC.MODULO_OPCION (MODULO_ID,OPCION_ID,NOMBRE_OPCION,URL,ICONO,ORDEN,MAPA,CARPETA,NOMBRE_INGLES) values ('A35','691','02.Alumnos graduandos','/graduacion/alumnos','A',2,null,'/graduacion/graduacion/','02.Alumnos graduandos');
Insert into ENOC.MODULO_OPCION (MODULO_ID,OPCION_ID,NOMBRE_OPCION,URL,ICONO,ORDEN,MAPA,CARPETA,NOMBRE_INGLES) values ('A33','652','03. Certificado de alumno','/certificado/alumno','A',3,null,'/certificacion/certificado/','03. Certificado de alumno');
Insert into ENOC.MODULO_OPCION (MODULO_ID,OPCION_ID,NOMBRE_OPCION,URL,ICONO,ORDEN,MAPA,CARPETA,NOMBRE_INGLES) values ('A36','712','02.Documentos/ingreso','/documentos/documentos','A',3,null,'/admlinea/documentos/','02.Documentos/ingreso');
Insert into ENOC.MODULO_OPCION (MODULO_ID,OPCION_ID,NOMBRE_OPCION,URL,ICONO,ORDEN,MAPA,CARPETA,NOMBRE_INGLES) values ('A36','711','01.Requisitos/ingreso','/requisito/facultad','A',4,null,'/admlinea/requisito/','01.Requisitos/ingreso');
Insert into ENOC.MODULO_OPCION (MODULO_ID,OPCION_ID,NOMBRE_OPCION,URL,ICONO,ORDEN,MAPA,CARPETA,NOMBRE_INGLES) values ('A49','972','02.Ficha retorno','/ingreso/datos','A',5,null,'/alerta/ingreso/','02.Ficha retorno');
Insert into ENOC.MODULO_OPCION (MODULO_ID,OPCION_ID,NOMBRE_OPCION,URL,ICONO,ORDEN,MAPA,CARPETA,NOMBRE_INGLES) values ('A37','731','14.Movimientos','/movtos/captura','A',2,null,'/musica/movtos/','14.Movimientos');
Insert into ENOC.MODULO_OPCION (MODULO_ID,OPCION_ID,NOMBRE_OPCION,URL,ICONO,ORDEN,MAPA,CARPETA,NOMBRE_INGLES) values ('A37','732','13.Inscripcion','/inscripcion/calculo','A',3,null,'/musica/inscripcion/','13.Inscripcion');
Insert into ENOC.MODULO_OPCION (MODULO_ID,OPCION_ID,NOMBRE_OPCION,URL,ICONO,ORDEN,MAPA,CARPETA,NOMBRE_INGLES) values ('A37','733','09.Tabla Financiera','/tabla/costos','A',4,null,'/musica/tabla/','09.Tabla Financiera');
Insert into ENOC.MODULO_OPCION (MODULO_ID,OPCION_ID,NOMBRE_OPCION,URL,ICONO,ORDEN,MAPA,CARPETA,NOMBRE_INGLES) values ('A37','734','06.Cat./Cuentas','/cuenta/cuenta','A',5,null,'/musica/cuenta/','06.Cat./Cuentas');
Insert into ENOC.MODULO_OPCION (MODULO_ID,OPCION_ID,NOMBRE_OPCION,URL,ICONO,ORDEN,MAPA,CARPETA,NOMBRE_INGLES) values ('A37','735','08.Periodos','/periodo/periodo','A',6,null,'/musica/periodo/','08.Periodos');
Insert into ENOC.MODULO_OPCION (MODULO_ID,OPCION_ID,NOMBRE_OPCION,URL,ICONO,ORDEN,MAPA,CARPETA,NOMBRE_INGLES) values ('A37','736','05.Cat./Instituciones','/institucion/institucion','A',7,null,'/musica/institucion/','05.Cat./Instituciones');
Insert into ENOC.MODULO_OPCION (MODULO_ID,OPCION_ID,NOMBRE_OPCION,URL,ICONO,ORDEN,MAPA,CARPETA,NOMBRE_INGLES) values ('A06','063','03.Colaboradores','/alta/listado','A',4,null,'/datos_profesor/alta/','03.Colaboradores');
Insert into ENOC.MODULO_OPCION (MODULO_ID,OPCION_ID,NOMBRE_OPCION,URL,ICONO,ORDEN,MAPA,CARPETA,NOMBRE_INGLES) values ('A21','394','02.Consultar empleado','/consultar/empleado','A',5,null,'/credencial_emp/consultar/','02.Consultar empleado');
Insert into ENOC.MODULO_OPCION (MODULO_ID,OPCION_ID,NOMBRE_OPCION,URL,ICONO,ORDEN,MAPA,CARPETA,NOMBRE_INGLES) values ('A08','166','11.Subir docs. en lote','/subir_documentos/subir','A',16,null,'/archivo/subir_documentos/','11.Subir docs. en lote');
Insert into ENOC.MODULO_OPCION (MODULO_ID,OPCION_ID,NOMBRE_OPCION,URL,ICONO,ORDEN,MAPA,CARPETA,NOMBRE_INGLES) values ('A28','531','02.Permisos','/permisos/permisos','A',1,null,'/finanzas/permisos/','02.Permisos');
Insert into ENOC.MODULO_OPCION (MODULO_ID,OPCION_ID,NOMBRE_OPCION,URL,ICONO,ORDEN,MAPA,CARPETA,NOMBRE_INGLES) values ('A31','611','03.Autorización de baja','/autorizacion/autorizacion','A',2,null,'/baja/autorizacion/','03.Autorización de baja');
Insert into ENOC.MODULO_OPCION (MODULO_ID,OPCION_ID,NOMBRE_OPCION,URL,ICONO,ORDEN,MAPA,CARPETA,NOMBRE_INGLES) values ('A19','364','02.Trayectoria','/trayectoria/listado','A',15,'691','/utilerias/trayectoria/','02.Trayectoria');
Insert into ENOC.MODULO_OPCION (MODULO_ID,OPCION_ID,NOMBRE_OPCION,URL,ICONO,ORDEN,MAPA,CARPETA,NOMBRE_INGLES) values ('A11','224','06. Bitacora/portal','/bitacora/carrera','A',3,null,'/mentores/bitacora/','06. Bitacora/portal');
Insert into ENOC.MODULO_OPCION (MODULO_ID,OPCION_ID,NOMBRE_OPCION,URL,ICONO,ORDEN,MAPA,CARPETA,NOMBRE_INGLES) values ('A04','073','03. Registro de Ingreso','/registro/ingreso','A',4,null,'/admision/registro/','03. Registro de Ingreso');
Insert into ENOC.MODULO_OPCION (MODULO_ID,OPCION_ID,NOMBRE_OPCION,URL,ICONO,ORDEN,MAPA,CARPETA,NOMBRE_INGLES) values ('A22','416','06.Por carga y tipo','/reptipo/tipo','A',6,null,'/candados/reptipo/','06.Por carga y tipo');
Insert into ENOC.MODULO_OPCION (MODULO_ID,OPCION_ID,NOMBRE_OPCION,URL,ICONO,ORDEN,MAPA,CARPETA,NOMBRE_INGLES) values ('A34','678','06.Resultados/opinión estudiantil','/resestudiantil/evaluacion','A',8,null,'/evaluacion/resestudiantil/','06.Resultados/opinión estudiantil');
Insert into ENOC.MODULO_OPCION (MODULO_ID,OPCION_ID,NOMBRE_OPCION,URL,ICONO,ORDEN,MAPA,CARPETA,NOMBRE_INGLES) values ('A16','314','02.Procedencia','/procedencia/procedencia','A',5,null,'/informes/procedencia/','02.Procedencia');
Insert into ENOC.MODULO_OPCION (MODULO_ID,OPCION_ID,NOMBRE_OPCION,URL,ICONO,ORDEN,MAPA,CARPETA,NOMBRE_INGLES) values ('A37','738','16.Estadisticas','/estadistica/opcion','A',9,null,'/musica/estadistica/','16.Estadisticas');
Insert into ENOC.MODULO_OPCION (MODULO_ID,OPCION_ID,NOMBRE_OPCION,URL,ICONO,ORDEN,MAPA,CARPETA,NOMBRE_INGLES) values ('A37','739','10.Fechas/Pagaré','/pagare/pagare','A',10,null,'/musica/pagare/','10.Fechas/Pagaré');
Insert into ENOC.MODULO_OPCION (MODULO_ID,OPCION_ID,NOMBRE_OPCION,URL,ICONO,ORDEN,MAPA,CARPETA,NOMBRE_INGLES) values ('A31','610','01.Solicitud de baja','/solicitud/solicitud','A',1,null,'/baja/solicitud/','01.Solicitud de baja');
Insert into ENOC.MODULO_OPCION (MODULO_ID,OPCION_ID,NOMBRE_OPCION,URL,ICONO,ORDEN,MAPA,CARPETA,NOMBRE_INGLES) values ('A31','612','02.Baja definitiva','/baja/baja','A',3,null,'/baja/baja/','02.Baja definitiva');
Insert into ENOC.MODULO_OPCION (MODULO_ID,OPCION_ID,NOMBRE_OPCION,URL,ICONO,ORDEN,MAPA,CARPETA,NOMBRE_INGLES) values ('A41','107','04.Vacaciones sin Firma','/carta/carta','A',16,null,'/cartas/carta/','04.Vacaciones sin Firma');
Insert into ENOC.MODULO_OPCION (MODULO_ID,OPCION_ID,NOMBRE_OPCION,URL,ICONO,ORDEN,MAPA,CARPETA,NOMBRE_INGLES) values ('A41','080','03.Fechas de vacaciones','/vacaciones/vacaciones','A',17,null,'/cartas/vacaciones/','03.Fechas de vacaciones');
Insert into ENOC.MODULO_OPCION (MODULO_ID,OPCION_ID,NOMBRE_OPCION,URL,ICONO,ORDEN,MAPA,CARPETA,NOMBRE_INGLES) values ('A29','578','04.Estadística por Cargas','/alum_insc/estadistica','A',7,null,'/inscritos/alum_insc/','04.Estadística por Cargas');
Insert into ENOC.MODULO_OPCION (MODULO_ID,OPCION_ID,NOMBRE_OPCION,URL,ICONO,ORDEN,MAPA,CARPETA,NOMBRE_INGLES) values ('A18','339','03.Notas diferidas','/diferida/notas','A',3,null,'/administrar/diferida/','03.Notas diferidas');
Insert into ENOC.MODULO_OPCION (MODULO_ID,OPCION_ID,NOMBRE_OPCION,URL,ICONO,ORDEN,MAPA,CARPETA,NOMBRE_INGLES) values ('A47','930','01.Eventos','/evento/listado','A',1,null,'/cultural/evento/','01.Eventos');
Insert into ENOC.MODULO_OPCION (MODULO_ID,OPCION_ID,NOMBRE_OPCION,URL,ICONO,ORDEN,MAPA,CARPETA,NOMBRE_INGLES) values ('A35','693','06.Candidatos a graduación','/gradua/candidato','A',4,null,'/graduacion/gradua/','06.Candidatos a graduación');
Insert into ENOC.MODULO_OPCION (MODULO_ID,OPCION_ID,NOMBRE_OPCION,URL,ICONO,ORDEN,MAPA,CARPETA,NOMBRE_INGLES) values ('A30','590','99.Valores de referencia','/referencia/valores','A',1,null,'/aptitud_fisica/referencia/','99.Valores de referencia');
Insert into ENOC.MODULO_OPCION (MODULO_ID,OPCION_ID,NOMBRE_OPCION,URL,ICONO,ORDEN,MAPA,CARPETA,NOMBRE_INGLES) values ('A30','591','99.Datos alumno','/alumno/datos','A',2,null,'/aptitud_fisica/alumno/','99.Datos alumno');
Insert into ENOC.MODULO_OPCION (MODULO_ID,OPCION_ID,NOMBRE_OPCION,URL,ICONO,ORDEN,MAPA,CARPETA,NOMBRE_INGLES) values ('A18','337','07.Cohorte de ingreso','/cohorte/ingreso','A',7,null,'/administrar/cohorte/','07.Cohorte de ingreso');
Insert into ENOC.MODULO_OPCION (MODULO_ID,OPCION_ID,NOMBRE_OPCION,URL,ICONO,ORDEN,MAPA,CARPETA,NOMBRE_INGLES) values ('A32','633','04.Reporte de carga docente','/reporte/anual','A',4,null,'/hca/reporte/','04.Reporte de carga docente');
Insert into ENOC.MODULO_OPCION (MODULO_ID,OPCION_ID,NOMBRE_OPCION,URL,ICONO,ORDEN,MAPA,CARPETA,NOMBRE_INGLES) values ('A34','676','05.Participación estudiantil','/participacion/estudiantil','A',10,null,'/evaluacion/participacion/','05.Participación estudiantil');
Insert into ENOC.MODULO_OPCION (MODULO_ID,OPCION_ID,NOMBRE_OPCION,URL,ICONO,ORDEN,MAPA,CARPETA,NOMBRE_INGLES) values ('A47','931','02.Asistencia','/asistencia/listado','A',2,null,'/cultural/asistencia/','02.Asistencia');
Insert into ENOC.MODULO_OPCION (MODULO_ID,OPCION_ID,NOMBRE_OPCION,URL,ICONO,ORDEN,MAPA,CARPETA,NOMBRE_INGLES) values ('A40','796','01.Promedios Generales','/promedio/facultad','A',19,null,'/rendimiento/promedio/','01.Promedios Generales');
Insert into ENOC.MODULO_OPCION (MODULO_ID,OPCION_ID,NOMBRE_OPCION,URL,ICONO,ORDEN,MAPA,CARPETA,NOMBRE_INGLES) values ('A05','106','10.Solicitud/graduación','/solgraduacion/solicitud','A',20,null,'/datos_alumno/solgraduacion/','10.Solicitud/graduación');
Insert into ENOC.MODULO_OPCION (MODULO_ID,OPCION_ID,NOMBRE_OPCION,URL,ICONO,ORDEN,MAPA,CARPETA,NOMBRE_INGLES) values ('A05','109','06.Cédula/alumno','/cedula/listado','A',20,null,'/datos_alumno/cedula/','06.Cédula/alumno');
Insert into ENOC.MODULO_OPCION (MODULO_ID,OPCION_ID,NOMBRE_OPCION,URL,ICONO,ORDEN,MAPA,CARPETA,NOMBRE_INGLES) values ('A08','157','03.Documento - Estado','/documento_estado/elegir_documento','A',3,'105','/archivo/documento_estado/','03.Documento - Estado');
Insert into ENOC.MODULO_OPCION (MODULO_ID,OPCION_ID,NOMBRE_OPCION,URL,ICONO,ORDEN,MAPA,CARPETA,NOMBRE_INGLES) values ('A09','173','03.Tipos de reporte','/cat_reportes/reportes','A',4,'288','/disciplina/cat_reportes/','03.Tipos de reporte');
Insert into ENOC.MODULO_OPCION (MODULO_ID,OPCION_ID,NOMBRE_OPCION,URL,ICONO,ORDEN,MAPA,CARPETA,NOMBRE_INGLES) values ('A08','155','12.Doc. Alum.(consulta)','/consulta/consulta','A',5,'107','/archivo/consulta/','12.Doc. Alum.(consulta)');
Insert into ENOC.MODULO_OPCION (MODULO_ID,OPCION_ID,NOMBRE_OPCION,URL,ICONO,ORDEN,MAPA,CARPETA,NOMBRE_INGLES) values ('A37','730','04.Datos/Alumno','/alumno/datos','A',1,null,'/musica/alumno/','04.Datos/Alumno');
Insert into ENOC.MODULO_OPCION (MODULO_ID,OPCION_ID,NOMBRE_OPCION,URL,ICONO,ORDEN,MAPA,CARPETA,NOMBRE_INGLES) values ('A08','152','07.Cotejar datos','/cotejar_alumno/cotejar','A',9,'112','/archivo/cotejar_alumno/','07.Cotejar datos');
Insert into ENOC.MODULO_OPCION (MODULO_ID,OPCION_ID,NOMBRE_OPCION,URL,ICONO,ORDEN,MAPA,CARPETA,NOMBRE_INGLES) values ('A45','903','14.Periodos','/periodos/listado','A',14,null,'/taller/periodos/','14.Periodos');
Insert into ENOC.MODULO_OPCION (MODULO_ID,OPCION_ID,NOMBRE_OPCION,URL,ICONO,ORDEN,MAPA,CARPETA,NOMBRE_INGLES) values ('A18','331','02.Entrega de planillas','/planillas/entregas','A',2,'034','/administrar/planillas/','02.Entrega de planillas');
Insert into ENOC.MODULO_OPCION (MODULO_ID,OPCION_ID,NOMBRE_OPCION,URL,ICONO,ORDEN,MAPA,CARPETA,NOMBRE_INGLES) values ('A36','720','06.Documentos pendientes','/proceso/alumnos','A',2,null,'/admlinea/proceso/','06.Documentos pendientes');
Insert into ENOC.MODULO_OPCION (MODULO_ID,OPCION_ID,NOMBRE_OPCION,URL,ICONO,ORDEN,MAPA,CARPETA,NOMBRE_INGLES) values ('A12','230','01.Residencia','/residencia/residencia','A',1,'140','/residencia/residencia/','01.Residencia');
Insert into ENOC.MODULO_OPCION (MODULO_ID,OPCION_ID,NOMBRE_OPCION,URL,ICONO,ORDEN,MAPA,CARPETA,NOMBRE_INGLES) values ('A28','540','00.Períodos de Bloqueo','/periodo/periodo','A',10,null,'/finanzas/periodo/','00.Períodos de Bloqueo');
Insert into ENOC.MODULO_OPCION (MODULO_ID,OPCION_ID,NOMBRE_OPCION,URL,ICONO,ORDEN,MAPA,CARPETA,NOMBRE_INGLES) values ('A07','137','04. Proceso en línea','/solicitud/listado','A',4,null,'/matricula/solicitud/','04. Proceso en línea');
Insert into ENOC.MODULO_OPCION (MODULO_ID,OPCION_ID,NOMBRE_OPCION,URL,ICONO,ORDEN,MAPA,CARPETA,NOMBRE_INGLES) values ('A07','133','06. Altas y bajas','/altabaja/materias','A',3,'088','/matricula/altabaja/','06. Altas y bajas');
Insert into ENOC.MODULO_OPCION (MODULO_ID,OPCION_ID,NOMBRE_OPCION,URL,ICONO,ORDEN,MAPA,CARPETA,NOMBRE_INGLES) values ('A02','032','03.Datos del ciclo','/ciclo/facultad','A',3,'026','/mapa/ciclo/','03.Datos del ciclo');
Insert into ENOC.MODULO_OPCION (MODULO_ID,OPCION_ID,NOMBRE_OPCION,URL,ICONO,ORDEN,MAPA,CARPETA,NOMBRE_INGLES) values ('A42','098','Ficha Graduación','/avance/avance','A',6,'038','/notas/avance/','Ficha Graduación');
Insert into ENOC.MODULO_OPCION (MODULO_ID,OPCION_ID,NOMBRE_OPCION,URL,ICONO,ORDEN,MAPA,CARPETA,NOMBRE_INGLES) values ('A19','350','99.Creación de claves','/claves/claves','A',1,null,'/utilerias/claves/','99.Creación de claves');
Insert into ENOC.MODULO_OPCION (MODULO_ID,OPCION_ID,NOMBRE_OPCION,URL,ICONO,ORDEN,MAPA,CARPETA,NOMBRE_INGLES) values ('A03','054','10.Materias unidas','/unidas/unidas','A',5,'300','/carga_grupo/unidas/','10.Materias unidas');
Insert into ENOC.MODULO_OPCION (MODULO_ID,OPCION_ID,NOMBRE_OPCION,URL,ICONO,ORDEN,MAPA,CARPETA,NOMBRE_INGLES) values ('A04','072','04. Estado','/estado/estado','A',3,'024','/admision/estado/','04. Estado');
Insert into ENOC.MODULO_OPCION (MODULO_ID,OPCION_ID,NOMBRE_OPCION,URL,ICONO,ORDEN,MAPA,CARPETA,NOMBRE_INGLES) values ('A20','371','Bajar fotos','/fotos/bajar','A',2,null,'/credencial_alum/fotos/','Bajar fotos');
Insert into ENOC.MODULO_OPCION (MODULO_ID,OPCION_ID,NOMBRE_OPCION,URL,ICONO,ORDEN,MAPA,CARPETA,NOMBRE_INGLES) values ('A20','372','Traspasar alumnos inscritos','/listas/traspaso','A',3,null,'/credencial_alum/listas/','Traspasar alumnos inscritos');
Insert into ENOC.MODULO_OPCION (MODULO_ID,OPCION_ID,NOMBRE_OPCION,URL,ICONO,ORDEN,MAPA,CARPETA,NOMBRE_INGLES) values ('A20','373','Crear lista definitiva','/listas/filtro','A',4,null,'/credencial_alum/listas/','Crear lista definitiva');
Insert into ENOC.MODULO_OPCION (MODULO_ID,OPCION_ID,NOMBRE_OPCION,URL,ICONO,ORDEN,MAPA,CARPETA,NOMBRE_INGLES) values ('A05','092','01.Datos/alumno','/personal/datos','A',3,'008','/datos_alumno/personal/','01.Datos/alumno');
Insert into ENOC.MODULO_OPCION (MODULO_ID,OPCION_ID,NOMBRE_OPCION,URL,ICONO,ORDEN,MAPA,CARPETA,NOMBRE_INGLES) values ('A11','220','01. Motivos/entrevista','/motivos/motivos','A',4,null,'/mentores/motivos/','01. Motivos/entrevista');
Insert into ENOC.MODULO_OPCION (MODULO_ID,OPCION_ID,NOMBRE_OPCION,URL,ICONO,ORDEN,MAPA,CARPETA,NOMBRE_INGLES) values ('A11','221','02. Referentes','/referente/referente','A',5,null,'/mentores/referente/','02. Referentes');
Insert into ENOC.MODULO_OPCION (MODULO_ID,OPCION_ID,NOMBRE_OPCION,URL,ICONO,ORDEN,MAPA,CARPETA,NOMBRE_INGLES) values ('A11','222','03. Mentor/Carrera/Alumno','/ment_alum/carrera','A',6,null,'/mentores/ment_alum/','03. Mentor/Carrera/Alumno');
Insert into ENOC.MODULO_OPCION (MODULO_ID,OPCION_ID,NOMBRE_OPCION,URL,ICONO,ORDEN,MAPA,CARPETA,NOMBRE_INGLES) values ('A40','799','06.Registro de Nota','/materias/facultades','A',2,null,'/rendimiento/materias/','06.Registro de Nota');
Insert into ENOC.MODULO_OPCION (MODULO_ID,OPCION_ID,NOMBRE_OPCION,URL,ICONO,ORDEN,MAPA,CARPETA,NOMBRE_INGLES) values ('A28','533','03.Reporte de permisos','/reporte/reporte','A',3,null,'/finanzas/reporte/','03.Reporte de permisos');
Insert into ENOC.MODULO_OPCION (MODULO_ID,OPCION_ID,NOMBRE_OPCION,URL,ICONO,ORDEN,MAPA,CARPETA,NOMBRE_INGLES) values ('A28','532','04.Alumnos con permiso','/alum_permisos/permisos','A',2,null,'/finanzas/alum_permisos/','04.Alumnos con permiso');
Insert into ENOC.MODULO_OPCION (MODULO_ID,OPCION_ID,NOMBRE_OPCION,URL,ICONO,ORDEN,MAPA,CARPETA,NOMBRE_INGLES) values ('A45','902','13.Solicitudes','/solicitud/listado','A',13,null,'/taller/solicitud/','13.Solicitudes');
Insert into ENOC.MODULO_OPCION (MODULO_ID,OPCION_ID,NOMBRE_OPCION,URL,ICONO,ORDEN,MAPA,CARPETA,NOMBRE_INGLES) values ('A22','415','07.Por carga','/listado/listado','A',7,null,'/candados/listado/','07.Por carga');
Insert into ENOC.MODULO_OPCION (MODULO_ID,OPCION_ID,NOMBRE_OPCION,URL,ICONO,ORDEN,MAPA,CARPETA,NOMBRE_INGLES) values ('A04','074','05. Primer ingreso','/ingreso/ingreso','A',5,null,'/admision/ingreso/','05. Primer ingreso');
Insert into ENOC.MODULO_OPCION (MODULO_ID,OPCION_ID,NOMBRE_OPCION,URL,ICONO,ORDEN,MAPA,CARPETA,NOMBRE_INGLES) values ('A10','204','99.Cat. de trámites','/tramite/tramite','I',15,null,'/extranjeros/tramite/','99.Cat. de trámites');
Insert into ENOC.MODULO_OPCION (MODULO_ID,OPCION_ID,NOMBRE_OPCION,URL,ICONO,ORDEN,MAPA,CARPETA,NOMBRE_INGLES) values ('A10','205','99.Cat. de requisitos','/requisito/requisito','I',16,null,'/extranjeros/requisito/','99.Cat. de requisitos');
Insert into ENOC.MODULO_OPCION (MODULO_ID,OPCION_ID,NOMBRE_OPCION,URL,ICONO,ORDEN,MAPA,CARPETA,NOMBRE_INGLES) values ('A08','153','99.Restaurar imagenes','/restaurar/menu','A',6,null,'/archivo/restaurar/','99.Restaurar imagenes');
Insert into ENOC.MODULO_OPCION (MODULO_ID,OPCION_ID,NOMBRE_OPCION,URL,ICONO,ORDEN,MAPA,CARPETA,NOMBRE_INGLES) values ('A06','067','10.Rev. Portafolio','/portafolio/registro','A',10,null,'/datos_profesor/portafolio/','10.Rev. Portafolio');
Insert into ENOC.MODULO_OPCION (MODULO_ID,OPCION_ID,NOMBRE_OPCION,URL,ICONO,ORDEN,MAPA,CARPETA,NOMBRE_INGLES) values ('A53','1040','04. Mesa de Entrada-Salida','/mesa/entrada','A',1,null,'/bitacora/mesa/','04. Mesa de Entrada-Salida');
Insert into ENOC.MODULO_OPCION (MODULO_ID,OPCION_ID,NOMBRE_OPCION,URL,ICONO,ORDEN,MAPA,CARPETA,NOMBRE_INGLES) values ('A53','1041','02. Catálogo Tramites','/tramite/tramite','A',3,null,'/bitacora/tramite/','02. Catálogo Tramites');
Insert into ENOC.MODULO_OPCION (MODULO_ID,OPCION_ID,NOMBRE_OPCION,URL,ICONO,ORDEN,MAPA,CARPETA,NOMBRE_INGLES) values ('A38','754','05. Salidas/comidas','/comidas/salidas','A',5,null,'/salida/comidas/','05. Salidas/comidas');
Insert into ENOC.MODULO_OPCION (MODULO_ID,OPCION_ID,NOMBRE_OPCION,URL,ICONO,ORDEN,MAPA,CARPETA,NOMBRE_INGLES) values ('A13','254','99.Migrar Oracle-Postgres','/migrar/migrar','A',5,'0  ','/usuarios/migrar/','99.Migrar Oracle-Postgres');
Insert into ENOC.MODULO_OPCION (MODULO_ID,OPCION_ID,NOMBRE_OPCION,URL,ICONO,ORDEN,MAPA,CARPETA,NOMBRE_INGLES) values ('A02','038','07.Planes diamante','/diamante/planes','A',9,null,'/mapa/diamante/','07.Planes diamante');
Insert into ENOC.MODULO_OPCION (MODULO_ID,OPCION_ID,NOMBRE_OPCION,URL,ICONO,ORDEN,MAPA,CARPETA,NOMBRE_INGLES) values ('A33','654','04. Catalogo servicios','/envio/envio','A',4,null,'/certificacion/envio/','04. Catalogo servicios');
Insert into ENOC.MODULO_OPCION (MODULO_ID,OPCION_ID,NOMBRE_OPCION,URL,ICONO,ORDEN,MAPA,CARPETA,NOMBRE_INGLES) values ('A37','740','15.Consulta/Movtos.','/conmovtos/captura','A',11,null,'/musica/conmovtos/','15.Consulta/Movtos.');
Insert into ENOC.MODULO_OPCION (MODULO_ID,OPCION_ID,NOMBRE_OPCION,URL,ICONO,ORDEN,MAPA,CARPETA,NOMBRE_INGLES) values ('A10','207','04.Cambia nacionalidad','/nacionalidad/cambia','A',18,null,'/extranjeros/nacionalidad/','04.Cambia nacionalidad');
Insert into ENOC.MODULO_OPCION (MODULO_ID,OPCION_ID,NOMBRE_OPCION,URL,ICONO,ORDEN,MAPA,CARPETA,NOMBRE_INGLES) values ('A37','744','02.Cat./Salones','/salon/salon','A',15,null,'/musica/salon/','02.Cat./Salones');
Insert into ENOC.MODULO_OPCION (MODULO_ID,OPCION_ID,NOMBRE_OPCION,URL,ICONO,ORDEN,MAPA,CARPETA,NOMBRE_INGLES) values ('A15','292','01.Parámetros','/param/parametros','A',3,null,'/parametros/param/','01.Parámetros');
Insert into ENOC.MODULO_OPCION (MODULO_ID,OPCION_ID,NOMBRE_OPCION,URL,ICONO,ORDEN,MAPA,CARPETA,NOMBRE_INGLES) values ('A35','692','05.Graduandos por país','/paises/graduandos','A',3,null,'/graduacion/paises/','05.Graduandos por país');
Insert into ENOC.MODULO_OPCION (MODULO_ID,OPCION_ID,NOMBRE_OPCION,URL,ICONO,ORDEN,MAPA,CARPETA,NOMBRE_INGLES) values ('A42','831','Solicitud de corrección','/solicitud/cargas','A',9,null,'/notas/solicitud/','Solicitud de corrección');
Insert into ENOC.MODULO_OPCION (MODULO_ID,OPCION_ID,NOMBRE_OPCION,URL,ICONO,ORDEN,MAPA,CARPETA,NOMBRE_INGLES) values ('A21','395','04.Credencial HSM','/hsm/clinica','A',6,null,'/credencial_emp/hsm/','04.Credencial HSM');
Insert into ENOC.MODULO_OPCION (MODULO_ID,OPCION_ID,NOMBRE_OPCION,URL,ICONO,ORDEN,MAPA,CARPETA,NOMBRE_INGLES) values ('A10','193','07.Reportes','/reportes/menu','A',7,null,'/extranjeros/reportes/','07.Reportes');
Insert into ENOC.MODULO_OPCION (MODULO_ID,OPCION_ID,NOMBRE_OPCION,URL,ICONO,ORDEN,MAPA,CARPETA,NOMBRE_INGLES) values ('A40','790','03.Notas por carga y carrera','/notas/reporte','A',31,null,'/rendimiento/notas/','03.Notas por carga y carrera');
Insert into ENOC.MODULO_OPCION (MODULO_ID,OPCION_ID,NOMBRE_OPCION,URL,ICONO,ORDEN,MAPA,CARPETA,NOMBRE_INGLES) values ('A10','195','03.Documentos extranjero','/docextranjero/listado','A',3,null,'/extranjeros/docextranjero/','03.Documentos extranjero');
Insert into ENOC.MODULO_OPCION (MODULO_ID,OPCION_ID,NOMBRE_OPCION,URL,ICONO,ORDEN,MAPA,CARPETA,NOMBRE_INGLES) values ('A12','243','07.Periodo','/periodo/listado','A',13,null,'/residencia/periodo/','07.Periodo');
Insert into ENOC.MODULO_OPCION (MODULO_ID,OPCION_ID,NOMBRE_OPCION,URL,ICONO,ORDEN,MAPA,CARPETA,NOMBRE_INGLES) values ('A12','244','08.Residencia alumno','/alumno/listado','A',14,null,'/residencia/alumno/','08.Residencia alumno');
Insert into ENOC.MODULO_OPCION (MODULO_ID,OPCION_ID,NOMBRE_OPCION,URL,ICONO,ORDEN,MAPA,CARPETA,NOMBRE_INGLES) values ('A02','035','08.Inscritos por materia','/inscritos/facultad','A',6,null,'/mapa/inscritos/','08.Inscritos por materia');
Insert into ENOC.MODULO_OPCION (MODULO_ID,OPCION_ID,NOMBRE_OPCION,URL,ICONO,ORDEN,MAPA,CARPETA,NOMBRE_INGLES) values ('A03','342','12.Materias sin alumnos','/sinalumnos/carga','A',13,'184','/carga_grupo/sinalumnos/','12.Materias sin alumnos');
Insert into ENOC.MODULO_OPCION (MODULO_ID,OPCION_ID,NOMBRE_OPCION,URL,ICONO,ORDEN,MAPA,CARPETA,NOMBRE_INGLES) values ('A23','436','09.Deserción-Inscritos','/deserta/inscritos','A',7,null,'/bsc/deserta/','09.Deserción-Inscritos');
Insert into ENOC.MODULO_OPCION (MODULO_ID,OPCION_ID,NOMBRE_OPCION,URL,ICONO,ORDEN,MAPA,CARPETA,NOMBRE_INGLES) values ('A23','434','10.Indice de deserción','/indice/desercion','A',5,null,'/bsc/indice/','10.Indice de deserción');
Insert into ENOC.MODULO_OPCION (MODULO_ID,OPCION_ID,NOMBRE_OPCION,URL,ICONO,ORDEN,MAPA,CARPETA,NOMBRE_INGLES) values ('A23','435','07.Ef. T detalles','/eficiencia/terminal','A',6,null,'/bsc/eficiencia/','07.Ef. T detalles');
Insert into ENOC.MODULO_OPCION (MODULO_ID,OPCION_ID,NOMBRE_OPCION,URL,ICONO,ORDEN,MAPA,CARPETA,NOMBRE_INGLES) values ('A36','713','07.Reportes','/estadistica/menu','A',5,null,'/admlinea/estadistica/','07.Reportes');
Insert into ENOC.MODULO_OPCION (MODULO_ID,OPCION_ID,NOMBRE_OPCION,URL,ICONO,ORDEN,MAPA,CARPETA,NOMBRE_INGLES) values ('A06','113','07.Foto empleado','/empleado/foto','A',8,null,'/datos_profesor/empleado/','07.Foto empleado');
Insert into ENOC.MODULO_OPCION (MODULO_ID,OPCION_ID,NOMBRE_OPCION,URL,ICONO,ORDEN,MAPA,CARPETA,NOMBRE_INGLES) values ('A23','437','06.Eficiencia terminal','/eficienciaTerminal/eficiencia','A',8,null,'/bsc/eficienciaTerminal/','06.Eficiencia terminal');
Insert into ENOC.MODULO_OPCION (MODULO_ID,OPCION_ID,NOMBRE_OPCION,URL,ICONO,ORDEN,MAPA,CARPETA,NOMBRE_INGLES) values ('A23','438','04.Reportes','/reportes/menu','A',9,null,'/bsc/reportes/','04.Reportes');
Insert into ENOC.MODULO_OPCION (MODULO_ID,OPCION_ID,NOMBRE_OPCION,URL,ICONO,ORDEN,MAPA,CARPETA,NOMBRE_INGLES) values ('A23','439','03.Histórico de inscritos','/inscritos/um','A',10,null,'/bsc/inscritos/','03.Histórico de inscritos');
Insert into ENOC.MODULO_OPCION (MODULO_ID,OPCION_ID,NOMBRE_OPCION,URL,ICONO,ORDEN,MAPA,CARPETA,NOMBRE_INGLES) values ('A23','440','02. Datos SAii','/saii/reporte','A',11,null,'/bsc/saii/','02. Datos SAii');
Insert into ENOC.MODULO_OPCION (MODULO_ID,OPCION_ID,NOMBRE_OPCION,URL,ICONO,ORDEN,MAPA,CARPETA,NOMBRE_INGLES) values ('A44','871','3. Especialidades','/especialidad/especialidad','A',2,null,'/clinicos/especialidad/','3. Especialidades');
Insert into ENOC.MODULO_OPCION (MODULO_ID,OPCION_ID,NOMBRE_OPCION,URL,ICONO,ORDEN,MAPA,CARPETA,NOMBRE_INGLES) values ('A44','872','4. Esp. x Hosp.','/esphospital/especialidad','A',3,null,'/clinicos/esphospital/','4. Esp. x Hosp.');
Insert into ENOC.MODULO_OPCION (MODULO_ID,OPCION_ID,NOMBRE_OPCION,URL,ICONO,ORDEN,MAPA,CARPETA,NOMBRE_INGLES) values ('A44','873','1. Instituciones','/institucion/institucion','A',4,null,'/clinicos/institucion/','1. Instituciones');
Insert into ENOC.MODULO_OPCION (MODULO_ID,OPCION_ID,NOMBRE_OPCION,URL,ICONO,ORDEN,MAPA,CARPETA,NOMBRE_INGLES) values ('A44','874','5. Programación Plazas','/programacion/programacion','A',5,null,'/clinicos/programacion/','5. Programación Plazas');
Insert into ENOC.MODULO_OPCION (MODULO_ID,OPCION_ID,NOMBRE_OPCION,URL,ICONO,ORDEN,MAPA,CARPETA,NOMBRE_INGLES) values ('A44','877','8. Reportes','/reportes/menu','A',8,null,'/clinicos/reportes/','8. Reportes');
Insert into ENOC.MODULO_OPCION (MODULO_ID,OPCION_ID,NOMBRE_OPCION,URL,ICONO,ORDEN,MAPA,CARPETA,NOMBRE_INGLES) values ('A28','536','09.Fondo de Becas','/cuentas/reporte','A',6,null,'/finanzas/cuentas/','09.Fondo de Becas');
Insert into ENOC.MODULO_OPCION (MODULO_ID,OPCION_ID,NOMBRE_OPCION,URL,ICONO,ORDEN,MAPA,CARPETA,NOMBRE_INGLES) values ('A08','160','06.Ubicación','/ubicacion/lista','A',19,null,'/archivo/ubicacion/','06.Ubicación');
Insert into ENOC.MODULO_OPCION (MODULO_ID,OPCION_ID,NOMBRE_OPCION,URL,ICONO,ORDEN,MAPA,CARPETA,NOMBRE_INGLES) values ('A52','1020','Portafolio Docente','/portafolio/portafolio','A',1,'0  ','/porDocente/portafolio/','Portafolio Docente');
Insert into ENOC.MODULO_OPCION (MODULO_ID,OPCION_ID,NOMBRE_OPCION,URL,ICONO,ORDEN,MAPA,CARPETA,NOMBRE_INGLES) values ('A45','899','10.Actualizar Contrato','/alta/contrato','A',10,null,'/taller/alta/','10.Actualizar Contrato');
Insert into ENOC.MODULO_OPCION (MODULO_ID,OPCION_ID,NOMBRE_OPCION,URL,ICONO,ORDEN,MAPA,CARPETA,NOMBRE_INGLES) values ('A45','900','12.Informe mensual','/informe/informe','A',11,null,'/taller/informe/','12.Informe mensual');
Insert into ENOC.MODULO_OPCION (MODULO_ID,OPCION_ID,NOMBRE_OPCION,URL,ICONO,ORDEN,MAPA,CARPETA,NOMBRE_INGLES) values ('A40','797','05.Alumnos Reprobados','/reprobado/menu','A',26,null,'/rendimiento/reprobado/','05.Alumnos Reprobados');
Insert into ENOC.MODULO_OPCION (MODULO_ID,OPCION_ID,NOMBRE_OPCION,URL,ICONO,ORDEN,MAPA,CARPETA,NOMBRE_INGLES) values ('A19','358','99.Insert de inscritos','/hospital/inscritos','A',9,null,'/utilerias/hospital/','99.Insert de inscritos');
Insert into ENOC.MODULO_OPCION (MODULO_ID,OPCION_ID,NOMBRE_OPCION,URL,ICONO,ORDEN,MAPA,CARPETA,NOMBRE_INGLES) values ('A07','131','00. Solicitantes','/candidatos/listado','A',5,null,'/matricula/candidatos/','00. Solicitantes');
Insert into ENOC.MODULO_OPCION (MODULO_ID,OPCION_ID,NOMBRE_OPCION,URL,ICONO,ORDEN,MAPA,CARPETA,NOMBRE_INGLES) values ('A05','081','02.Cumpleaños','/cumple/form','A',21,null,'/datos_alumno/cumple/','02.Cumpleaños');
Insert into ENOC.MODULO_OPCION (MODULO_ID,OPCION_ID,NOMBRE_OPCION,URL,ICONO,ORDEN,MAPA,CARPETA,NOMBRE_INGLES) values ('A29','580','10.Inscritos por ciclos','/ciclos/inscritos','A',10,null,'/inscritos/ciclos/','10.Inscritos por ciclos');
Insert into ENOC.MODULO_OPCION (MODULO_ID,OPCION_ID,NOMBRE_OPCION,URL,ICONO,ORDEN,MAPA,CARPETA,NOMBRE_INGLES) values ('A44','875','6. Programación Alumnos','/alumno/programacion','A',6,null,'/clinicos/alumno/','6. Programación Alumnos');
Insert into ENOC.MODULO_OPCION (MODULO_ID,OPCION_ID,NOMBRE_OPCION,URL,ICONO,ORDEN,MAPA,CARPETA,NOMBRE_INGLES) values ('A20','377','Alta Credencial','/credencial/credencial','A',8,null,'/credencial_alum/credencial/','Alta Credencial');
Insert into ENOC.MODULO_OPCION (MODULO_ID,OPCION_ID,NOMBRE_OPCION,URL,ICONO,ORDEN,MAPA,CARPETA,NOMBRE_INGLES) values ('A45','895','03.Categorías','/categoria/categoria','A',3,null,'/taller/categoria/','03.Categorías');
Insert into ENOC.MODULO_OPCION (MODULO_ID,OPCION_ID,NOMBRE_OPCION,URL,ICONO,ORDEN,MAPA,CARPETA,NOMBRE_INGLES) values ('A45','896','07.Reportes','/reportes/menu','A',7,null,'/taller/reportes/','07.Reportes');
Insert into ENOC.MODULO_OPCION (MODULO_ID,OPCION_ID,NOMBRE_OPCION,URL,ICONO,ORDEN,MAPA,CARPETA,NOMBRE_INGLES) values ('A45','898','09.Parámetros','/parametro/parametro','A',9,null,'/taller/parametro/','09.Parámetros');
Insert into ENOC.MODULO_OPCION (MODULO_ID,OPCION_ID,NOMBRE_OPCION,URL,ICONO,ORDEN,MAPA,CARPETA,NOMBRE_INGLES) values ('A38','752','04. Salidas','/salidas/listado','A',4,null,'/salida/salidas/','04. Salidas');
Insert into ENOC.MODULO_OPCION (MODULO_ID,OPCION_ID,NOMBRE_OPCION,URL,ICONO,ORDEN,MAPA,CARPETA,NOMBRE_INGLES) values ('A03','065','06.Horarios','/horario/listado','A',11,null,'/carga_grupo/horario/','06.Horarios');
Insert into ENOC.MODULO_OPCION (MODULO_ID,OPCION_ID,NOMBRE_OPCION,URL,ICONO,ORDEN,MAPA,CARPETA,NOMBRE_INGLES) values ('A14','270','01.Votaciones','/votaciones/voto','A',15,null,'/vota/votaciones/','01.Votaciones');
Insert into ENOC.MODULO_OPCION (MODULO_ID,OPCION_ID,NOMBRE_OPCION,URL,ICONO,ORDEN,MAPA,CARPETA,NOMBRE_INGLES) values ('A19','362','99.Actualiza Semestre','/semestre/actualizar','A',13,null,'/utilerias/semestre/','99.Actualiza Semestre');
Insert into ENOC.MODULO_OPCION (MODULO_ID,OPCION_ID,NOMBRE_OPCION,URL,ICONO,ORDEN,MAPA,CARPETA,NOMBRE_INGLES) values ('A16','319','04.Est. 911/Datos','/datos/datos','A',10,null,'/informes/datos/','04.Est. 911/Datos');
Insert into ENOC.MODULO_OPCION (MODULO_ID,OPCION_ID,NOMBRE_OPCION,URL,ICONO,ORDEN,MAPA,CARPETA,NOMBRE_INGLES) values ('A48','953','Puestos Recursos Humanos','/recursos/humanos','A',4,null,'/evalua_emp/recursos/','Puestos Recursos Humanos');
Insert into ENOC.MODULO_OPCION (MODULO_ID,OPCION_ID,NOMBRE_OPCION,URL,ICONO,ORDEN,MAPA,CARPETA,NOMBRE_INGLES) values ('A48','954','Puestos Centro de Costo','/centro/costo','A',5,null,'/evalua_emp/centro/','Puestos Centro de Costo');
Insert into ENOC.MODULO_OPCION (MODULO_ID,OPCION_ID,NOMBRE_OPCION,URL,ICONO,ORDEN,MAPA,CARPETA,NOMBRE_INGLES) values ('A28','537','05.Descuentos','/descuentos/alumnos','A',7,null,'/finanzas/descuentos/','05.Descuentos');
Insert into ENOC.MODULO_OPCION (MODULO_ID,OPCION_ID,NOMBRE_OPCION,URL,ICONO,ORDEN,MAPA,CARPETA,NOMBRE_INGLES) values ('A41','811','06.Generar Constancias','/generador/constancias','A',18,null,'/cartas/generador/','06.Generar Constancias');
Insert into ENOC.MODULO_OPCION (MODULO_ID,OPCION_ID,NOMBRE_OPCION,URL,ICONO,ORDEN,MAPA,CARPETA,NOMBRE_INGLES) values ('A41','812','07.Imprimir Constancias','/imprimir/constancias','A',19,null,'/cartas/imprimir/','07.Imprimir Constancias');
Insert into ENOC.MODULO_OPCION (MODULO_ID,OPCION_ID,NOMBRE_OPCION,URL,ICONO,ORDEN,MAPA,CARPETA,NOMBRE_INGLES) values ('A02','037','09.Análisis de planes','/analisis/facultad','A',8,null,'/mapa/analisis/','09.Análisis de planes');
Insert into ENOC.MODULO_OPCION (MODULO_ID,OPCION_ID,NOMBRE_OPCION,URL,ICONO,ORDEN,MAPA,CARPETA,NOMBRE_INGLES) values ('A29','583','01.Localiza inscritos','/localiza/inscritos','A',13,null,'/inscritos/localiza/','01.Localiza inscritos');
Insert into ENOC.MODULO_OPCION (MODULO_ID,OPCION_ID,NOMBRE_OPCION,URL,ICONO,ORDEN,MAPA,CARPETA,NOMBRE_INGLES) values ('A29','584','12.Reportes','/menu/menu','A',14,null,'/inscritos/menu/','12.Reportes');
Insert into ENOC.MODULO_OPCION (MODULO_ID,OPCION_ID,NOMBRE_OPCION,URL,ICONO,ORDEN,MAPA,CARPETA,NOMBRE_INGLES) values ('A13','253','01.Roles','/roles/roles','A',4,'0  ','/usuarios/roles/','01.Roles');
Insert into ENOC.MODULO_OPCION (MODULO_ID,OPCION_ID,NOMBRE_OPCION,URL,ICONO,ORDEN,MAPA,CARPETA,NOMBRE_INGLES) values ('A51','1000','Proyectos Empleado','/proyecto/proyecto','A',1,null,'/investigacion/proyecto/','Proyectos Empleado');
Insert into ENOC.MODULO_OPCION (MODULO_ID,OPCION_ID,NOMBRE_OPCION,URL,ICONO,ORDEN,MAPA,CARPETA,NOMBRE_INGLES) values ('A51','1002','Solicitud de Apoyo','/solicitud/evento','A',3,null,'/investigacion/solicitud/','Solicitud de Apoyo');
Insert into ENOC.MODULO_OPCION (MODULO_ID,OPCION_ID,NOMBRE_OPCION,URL,ICONO,ORDEN,MAPA,CARPETA,NOMBRE_INGLES) values ('A51','1003','Admin. Solicitud','/adminsol/evento','A',4,null,'/investigacion/adminsol/','Admin. Solicitud');
Insert into ENOC.MODULO_OPCION (MODULO_ID,OPCION_ID,NOMBRE_OPCION,URL,ICONO,ORDEN,MAPA,CARPETA,NOMBRE_INGLES) values ('A16','321','99.Lista de Extraordinarios','/extra/listado','A',13,null,'/informes/extra/','99.Lista de Extraordinarios');
Insert into ENOC.MODULO_OPCION (MODULO_ID,OPCION_ID,NOMBRE_OPCION,URL,ICONO,ORDEN,MAPA,CARPETA,NOMBRE_INGLES) values ('A16','326','99.Tabla Financiera','/tabla/reporte','A',14,null,'/informes/tabla/','99.Tabla Financiera');
Insert into ENOC.MODULO_OPCION (MODULO_ID,OPCION_ID,NOMBRE_OPCION,URL,ICONO,ORDEN,MAPA,CARPETA,NOMBRE_INGLES) values ('A07','138','03. Consulta Cálculo','/calculo/listado','A',6,null,'/matricula/calculo/','03. Consulta Cálculo');
Insert into ENOC.MODULO_OPCION (MODULO_ID,OPCION_ID,NOMBRE_OPCION,URL,ICONO,ORDEN,MAPA,CARPETA,NOMBRE_INGLES) values ('A27','514','05. Reportes','/reportes/menu','A',5,null,'/titulacion/reportes/','05. Reportes');
Insert into ENOC.MODULO_OPCION (MODULO_ID,OPCION_ID,NOMBRE_OPCION,URL,ICONO,ORDEN,MAPA,CARPETA,NOMBRE_INGLES) values ('A28','541','10.Formatos/Seguro','/formatos/seguros','A',11,null,'/finanzas/formatos/','10.Formatos/Seguro');
Insert into ENOC.MODULO_OPCION (MODULO_ID,OPCION_ID,NOMBRE_OPCION,URL,ICONO,ORDEN,MAPA,CARPETA,NOMBRE_INGLES) values ('A49','973','05.Reporte','/reportes/datos','A',3,null,'/alerta/reportes/','05.Reporte');
Insert into ENOC.MODULO_OPCION (MODULO_ID,OPCION_ID,NOMBRE_OPCION,URL,ICONO,ORDEN,MAPA,CARPETA,NOMBRE_INGLES) values ('A26','492','03.Comidas alumnos','/comidas/reporte','A',3,null,'/internado/comidas/','03.Comidas alumnos');
Insert into ENOC.MODULO_OPCION (MODULO_ID,OPCION_ID,NOMBRE_OPCION,URL,ICONO,ORDEN,MAPA,CARPETA,NOMBRE_INGLES) values ('A19','366','01.Sincronizar idioma','/idioma/sincronizar','A',17,null,'/utilerias/idioma/','01.Sincronizar idioma');
Insert into ENOC.MODULO_OPCION (MODULO_ID,OPCION_ID,NOMBRE_OPCION,URL,ICONO,ORDEN,MAPA,CARPETA,NOMBRE_INGLES) values ('A08','168','99.Traspasar Imagenes','/traspaso/menu','A',18,null,'/archivo/traspaso/','99.Traspasar Imagenes');
Insert into ENOC.MODULO_OPCION (MODULO_ID,OPCION_ID,NOMBRE_OPCION,URL,ICONO,ORDEN,MAPA,CARPETA,NOMBRE_INGLES) values ('A41','813','05.Vacaciones con Firma','/firma/carta','A',20,null,'/cartas/firma/','05.Vacaciones con Firma');
Insert into ENOC.MODULO_OPCION (MODULO_ID,OPCION_ID,NOMBRE_OPCION,URL,ICONO,ORDEN,MAPA,CARPETA,NOMBRE_INGLES) values ('A30','594','02.Reportes','/reportes/menu','A',5,null,'/aptitud_fisica/reportes/','02.Reportes');
Insert into ENOC.MODULO_OPCION (MODULO_ID,OPCION_ID,NOMBRE_OPCION,URL,ICONO,ORDEN,MAPA,CARPETA,NOMBRE_INGLES) values ('A06','066','11.Actas importadas','/acta/lista','A',8,null,'/datos_profesor/acta/','11.Actas importadas');
Insert into ENOC.MODULO_OPCION (MODULO_ID,OPCION_ID,NOMBRE_OPCION,URL,ICONO,ORDEN,MAPA,CARPETA,NOMBRE_INGLES) values ('A17','554','02. Convalidacion Interna','/sol_interna/interna','A',2,null,'/convalida/sol_interna/','02. Convalidacion Interna');
Insert into ENOC.MODULO_OPCION (MODULO_ID,OPCION_ID,NOMBRE_OPCION,URL,ICONO,ORDEN,MAPA,CARPETA,NOMBRE_INGLES) values ('A10','206','99.Req. del trámite','/tramreq/tramitereq','I',17,null,'/extranjeros/tramreq/','99.Req. del trámite');
Insert into ENOC.MODULO_OPCION (MODULO_ID,OPCION_ID,NOMBRE_OPCION,URL,ICONO,ORDEN,MAPA,CARPETA,NOMBRE_INGLES) values ('A06','064','08.Lista/maestros','/listado/maestro','A',5,null,'/datos_profesor/listado/','08.Lista/maestros');
Insert into ENOC.MODULO_OPCION (MODULO_ID,OPCION_ID,NOMBRE_OPCION,URL,ICONO,ORDEN,MAPA,CARPETA,NOMBRE_INGLES) values ('A51','1004','Consulta Proyectos','/consulta/proyecto','A',5,null,'/investigacion/consulta/','Consulta Proyectos');
Insert into ENOC.MODULO_OPCION (MODULO_ID,OPCION_ID,NOMBRE_OPCION,URL,ICONO,ORDEN,MAPA,CARPETA,NOMBRE_INGLES) values ('A12','233','05.Cat. Colonias','/colonia/colonia','A',11,null,'/residencia/colonia/','05.Cat. Colonias');
Insert into ENOC.MODULO_OPCION (MODULO_ID,OPCION_ID,NOMBRE_OPCION,URL,ICONO,ORDEN,MAPA,CARPETA,NOMBRE_INGLES) values ('A37','741','01.Cat./Instrumentos','/catalogo/instrumento','A',12,null,'/musica/catalogo/','01.Cat./Instrumentos');
Insert into ENOC.MODULO_OPCION (MODULO_ID,OPCION_ID,NOMBRE_OPCION,URL,ICONO,ORDEN,MAPA,CARPETA,NOMBRE_INGLES) values ('A37','742','03.Datos/Maestros','/maestro/maestro','A',13,null,'/musica/maestro/','03.Datos/Maestros');
Insert into ENOC.MODULO_OPCION (MODULO_ID,OPCION_ID,NOMBRE_OPCION,URL,ICONO,ORDEN,MAPA,CARPETA,NOMBRE_INGLES) values ('A06','111','01.Alta/curriculum','/vitae/vitae','A',7,null,'/datos_profesor/vitae/','01.Alta/curriculum');
Insert into ENOC.MODULO_OPCION (MODULO_ID,OPCION_ID,NOMBRE_OPCION,URL,ICONO,ORDEN,MAPA,CARPETA,NOMBRE_INGLES) values ('A11','227','04. Datos aconsejado','/datos/aconsejado','A',8,null,'/mentores/datos/','04. Datos aconsejado');
Insert into ENOC.MODULO_OPCION (MODULO_ID,OPCION_ID,NOMBRE_OPCION,URL,ICONO,ORDEN,MAPA,CARPETA,NOMBRE_INGLES) values ('A12','241','06.Solicitud','/solicitud/residencia','A',12,null,'/residencia/solicitud/','06.Solicitud');
Insert into ENOC.MODULO_OPCION (MODULO_ID,OPCION_ID,NOMBRE_OPCION,URL,ICONO,ORDEN,MAPA,CARPETA,NOMBRE_INGLES) values ('A40','791','07.Extra por carga','/extra/extra','A',32,null,'/rendimiento/extra/','07.Extra por carga');
Insert into ENOC.MODULO_OPCION (MODULO_ID,OPCION_ID,NOMBRE_OPCION,URL,ICONO,ORDEN,MAPA,CARPETA,NOMBRE_INGLES) values ('A19','359','03.Actualiza ingreso','/ingreso/actualizarFechas','A',10,null,'/utilerias/ingreso/','99.Actualiza ingreso');
Insert into ENOC.MODULO_OPCION (MODULO_ID,OPCION_ID,NOMBRE_OPCION,URL,ICONO,ORDEN,MAPA,CARPETA,NOMBRE_INGLES) values ('A29','579','09.Inscritos/primeros años','/primeros/grados','A',8,null,'/inscritos/primeros/','09.Inscritos/primeros años');
Insert into ENOC.MODULO_OPCION (MODULO_ID,OPCION_ID,NOMBRE_OPCION,URL,ICONO,ORDEN,MAPA,CARPETA,NOMBRE_INGLES) values ('A44','876','7. Pago','/pago/pago','A',7,null,'/clinicos/pago/','7. Pago');
Insert into ENOC.MODULO_OPCION (MODULO_ID,OPCION_ID,NOMBRE_OPCION,URL,ICONO,ORDEN,MAPA,CARPETA,NOMBRE_INGLES) values ('A19','360','99.Actualiza Grado y Ciclo','/grado/actualiza','A',11,null,'/utilerias/grado/','99.Actualiza Grado y Ciclo');
Insert into ENOC.MODULO_OPCION (MODULO_ID,OPCION_ID,NOMBRE_OPCION,URL,ICONO,ORDEN,MAPA,CARPETA,NOMBRE_INGLES) values ('A24','450','2. Eventos','/evento/evento','A',1,null,'/exalumnos/evento/','2. Eventos');
Insert into ENOC.MODULO_OPCION (MODULO_ID,OPCION_ID,NOMBRE_OPCION,URL,ICONO,ORDEN,MAPA,CARPETA,NOMBRE_INGLES) values ('A24','451','1. Datos de exalumnos','/exalumno/datos','A',2,null,'/exalumnos/exalumno/','1. Datos de exalumnos');
Insert into ENOC.MODULO_OPCION (MODULO_ID,OPCION_ID,NOMBRE_OPCION,URL,ICONO,ORDEN,MAPA,CARPETA,NOMBRE_INGLES) values ('A24','452','3. Asistencia a eventos','/asistencia/evento','A',3,null,'/exalumnos/asistencia/','3. Asistencia a eventos');
Insert into ENOC.MODULO_OPCION (MODULO_ID,OPCION_ID,NOMBRE_OPCION,URL,ICONO,ORDEN,MAPA,CARPETA,NOMBRE_INGLES) values ('A24','453','4. Reportes','/reportes/menu','A',4,null,'/exalumnos/reportes/','4. Reportes');
Insert into ENOC.MODULO_OPCION (MODULO_ID,OPCION_ID,NOMBRE_OPCION,URL,ICONO,ORDEN,MAPA,CARPETA,NOMBRE_INGLES) values ('A16','318','99.Cohortes / Promedio ','/ingreso/facultad','A',11,null,'/informes/ingreso/','99.Cohortes / Promedio ');
Insert into ENOC.MODULO_OPCION (MODULO_ID,OPCION_ID,NOMBRE_OPCION,URL,ICONO,ORDEN,MAPA,CARPETA,NOMBRE_INGLES) values ('A02','036','04.Créditos requeridos','/creditos/facultad','A',7,null,'/mapa/creditos/','04.Créditos requeridos');
Insert into ENOC.MODULO_OPCION (MODULO_ID,OPCION_ID,NOMBRE_OPCION,URL,ICONO,ORDEN,MAPA,CARPETA,NOMBRE_INGLES) values ('A35','694','04.Consulta Graduandos','/consulta/graduandos','A',5,null,'/graduacion/consulta/','04.Consulta Graduandos');
Insert into ENOC.MODULO_OPCION (MODULO_ID,OPCION_ID,NOMBRE_OPCION,URL,ICONO,ORDEN,MAPA,CARPETA,NOMBRE_INGLES) values ('A45','890','01.Privilegios por usuario','/acceso/usuario','A',1,null,'/taller/acceso/','01.Privilegios por usuario');
Insert into ENOC.MODULO_OPCION (MODULO_ID,OPCION_ID,NOMBRE_OPCION,URL,ICONO,ORDEN,MAPA,CARPETA,NOMBRE_INGLES) values ('A45','891','06.Puestos','/puesto/puesto','A',6,null,'/taller/puesto/','06.Puestos');
Insert into ENOC.MODULO_OPCION (MODULO_ID,OPCION_ID,NOMBRE_OPCION,URL,ICONO,ORDEN,MAPA,CARPETA,NOMBRE_INGLES) values ('A45','892','02.Privilegios por Depto.','/depto/depto','A',2,null,'/taller/depto/','02.Privilegios por Depto.');
Insert into ENOC.MODULO_OPCION (MODULO_ID,OPCION_ID,NOMBRE_OPCION,URL,ICONO,ORDEN,MAPA,CARPETA,NOMBRE_INGLES) values ('A45','893','05.Acuerdos de Beca','/acuerdo/acuerdo','A',5,null,'/taller/acuerdo/','05.Acuerdos de Beca');
Insert into ENOC.MODULO_OPCION (MODULO_ID,OPCION_ID,NOMBRE_OPCION,URL,ICONO,ORDEN,MAPA,CARPETA,NOMBRE_INGLES) values ('A43','866','01.Análisis de Materias','/reportes/menu','A',17,null,'/analisis/reportes/','01.Análisis de Materias');
Insert into ENOC.MODULO_OPCION (MODULO_ID,OPCION_ID,NOMBRE_OPCION,URL,ICONO,ORDEN,MAPA,CARPETA,NOMBRE_INGLES) values ('A29','581','11.Listado para S.E.','/inscritos_se/inscritos','A',11,null,'/inscritos/inscritos_se/','11.Listado para S.E.');
Insert into ENOC.MODULO_OPCION (MODULO_ID,OPCION_ID,NOMBRE_OPCION,URL,ICONO,ORDEN,MAPA,CARPETA,NOMBRE_INGLES) values ('A28','538','06.Tipo de Descuentos','/tipo/descuentos','A',8,null,'/finanzas/tipo/','06.Tipo de Descuentos');
Insert into ENOC.MODULO_OPCION (MODULO_ID,OPCION_ID,NOMBRE_OPCION,URL,ICONO,ORDEN,MAPA,CARPETA,NOMBRE_INGLES) values ('A54','1060','1. Periodos','/periodo/periodo','A',1,null,'/horas/periodo/','1. Periodos');
Insert into ENOC.MODULO_OPCION (MODULO_ID,OPCION_ID,NOMBRE_OPCION,URL,ICONO,ORDEN,MAPA,CARPETA,NOMBRE_INGLES) values ('A54','1061','4. Registro de Materias','/horas/elegir','A',4,null,'/horas/horas/','4. Registro de Materias');
Insert into ENOC.MODULO_OPCION (MODULO_ID,OPCION_ID,NOMBRE_OPCION,URL,ICONO,ORDEN,MAPA,CARPETA,NOMBRE_INGLES) values ('A55','1081','1. Materia Prima','/prima/materia','A',1,null,'/comedor/prima/','1. Materia Prima');
Insert into ENOC.MODULO_OPCION (MODULO_ID,OPCION_ID,NOMBRE_OPCION,URL,ICONO,ORDEN,MAPA,CARPETA,NOMBRE_INGLES) values ('A55','1082','3. Lista Recetas','/lista/receta','A',3,null,'/comedor/lista/','3. Lista Recetas');
Insert into ENOC.MODULO_OPCION (MODULO_ID,OPCION_ID,NOMBRE_OPCION,URL,ICONO,ORDEN,MAPA,CARPETA,NOMBRE_INGLES) values ('A55','1083','4. Suma/Recetas','/suma/receta','A',4,null,'/comedor/suma/','4. Suma/Recetas');
Insert into ENOC.MODULO_OPCION (MODULO_ID,OPCION_ID,NOMBRE_OPCION,URL,ICONO,ORDEN,MAPA,CARPETA,NOMBRE_INGLES) values ('A07','139','02. Carga de Materias','/carga/alumno','A',1,null,'/matricula/carga/','02. Carga de Materias');
Insert into ENOC.MODULO_OPCION (MODULO_ID,OPCION_ID,NOMBRE_OPCION,URL,ICONO,ORDEN,MAPA,CARPETA,NOMBRE_INGLES) values ('A34','677','07.Resultados por periodo','/resultados/facultad','A',7,null,'/evaluacion/resultados/','07.Resultados por periodo');
Insert into ENOC.MODULO_OPCION (MODULO_ID,OPCION_ID,NOMBRE_OPCION,URL,ICONO,ORDEN,MAPA,CARPETA,NOMBRE_INGLES) values ('A07','140','07. Planes externos','/planes/planes','A',7,null,'/matricula/planes/','07. Planes externos');
Insert into ENOC.MODULO_OPCION (MODULO_ID,OPCION_ID,NOMBRE_OPCION,URL,ICONO,ORDEN,MAPA,CARPETA,NOMBRE_INGLES) values ('A22','418','03.Deudas menores','/deudas/candado','A',8,null,'/candados/deudas/','03.Deudas menores');
Insert into ENOC.MODULO_OPCION (MODULO_ID,OPCION_ID,NOMBRE_OPCION,URL,ICONO,ORDEN,MAPA,CARPETA,NOMBRE_INGLES) values ('A01','018','Ciclos escolares','/periodo/periodo','A',19,null,'/catalogos/periodo/','Ciclos escolares');
Insert into ENOC.MODULO_OPCION (MODULO_ID,OPCION_ID,NOMBRE_OPCION,URL,ICONO,ORDEN,MAPA,CARPETA,NOMBRE_INGLES) values ('A06','114','06.Ficha retorno','/ingreso/datos','A',11,null,'/datos_profesor/ingreso/','06.Ficha retorno');
Insert into ENOC.MODULO_OPCION (MODULO_ID,OPCION_ID,NOMBRE_OPCION,URL,ICONO,ORDEN,MAPA,CARPETA,NOMBRE_INGLES) values ('A53','1047','08. Requisitos','/requisito/listado','A',8,null,'/bitacora/requisito/','08. Requisitos');
Insert into ENOC.MODULO_OPCION (MODULO_ID,OPCION_ID,NOMBRE_OPCION,URL,ICONO,ORDEN,MAPA,CARPETA,NOMBRE_INGLES) values ('A38','750','01. Grupos','/grupos/grupos','A',1,null,'/salida/grupos/','01. Grupos');
Insert into ENOC.MODULO_OPCION (MODULO_ID,OPCION_ID,NOMBRE_OPCION,URL,ICONO,ORDEN,MAPA,CARPETA,NOMBRE_INGLES) values ('A38','751','02. Solicitud','/solicitud/solicitud','A',2,null,'/salida/solicitud/','02. Solicitud');
Insert into ENOC.MODULO_OPCION (MODULO_ID,OPCION_ID,NOMBRE_OPCION,URL,ICONO,ORDEN,MAPA,CARPETA,NOMBRE_INGLES) values ('A16','312','99.Est. 911','/911/estadistica','A',3,null,'/informes/911/','99.Est. 911');
Insert into ENOC.MODULO_OPCION (MODULO_ID,OPCION_ID,NOMBRE_OPCION,URL,ICONO,ORDEN,MAPA,CARPETA,NOMBRE_INGLES) values ('A40','792','08.Reprobados por cargas','/cargas/reprobados','A',30,null,'/rendimiento/cargas/','08.Reprobados por cargas');
Insert into ENOC.MODULO_OPCION (MODULO_ID,OPCION_ID,NOMBRE_OPCION,URL,ICONO,ORDEN,MAPA,CARPETA,NOMBRE_INGLES) values ('A28','534','08.Mensaje','/mensaje/mensaje','A',4,null,'/finanzas/mensaje/','08.Mensaje');
Insert into ENOC.MODULO_OPCION (MODULO_ID,OPCION_ID,NOMBRE_OPCION,URL,ICONO,ORDEN,MAPA,CARPETA,NOMBRE_INGLES) values ('A38','756','07.Propósitos','/proposito/listado','A',6,null,'/salida/proposito/','07.Propósitos');
Insert into ENOC.MODULO_OPCION (MODULO_ID,OPCION_ID,NOMBRE_OPCION,URL,ICONO,ORDEN,MAPA,CARPETA,NOMBRE_INGLES) values ('A05','112','05.Asesor/Inscripción','/asesor/planes','A',22,null,'/datos_alumno/asesor/','05.Asesor/Inscripción');
Insert into ENOC.MODULO_OPCION (MODULO_ID,OPCION_ID,NOMBRE_OPCION,URL,ICONO,ORDEN,MAPA,CARPETA,NOMBRE_INGLES) values ('A42','830','Radiografía del plan','/radiografia/radiografia','A',10,null,'/notas/radiografia/','Radiografía del plan');
Insert into ENOC.MODULO_OPCION (MODULO_ID,OPCION_ID,NOMBRE_OPCION,URL,ICONO,ORDEN,MAPA,CARPETA,NOMBRE_INGLES) values ('A36','714','03.Carreras por modalidad','/carrera/facultad','A',6,null,'/admlinea/carrera/','03.Carreras por modalidad');
Insert into ENOC.MODULO_OPCION (MODULO_ID,OPCION_ID,NOMBRE_OPCION,URL,ICONO,ORDEN,MAPA,CARPETA,NOMBRE_INGLES) values ('A28','535','01.Autoriza hermanos','/hermanos/hermanos','A',5,null,'/finanzas/hermanos/','01.Autoriza hermanos');
Insert into ENOC.MODULO_OPCION (MODULO_ID,OPCION_ID,NOMBRE_OPCION,URL,ICONO,ORDEN,MAPA,CARPETA,NOMBRE_INGLES) values ('A32','636','06.Informe de carga','/informe/elige','A',6,null,'/hca/informe/','06.Informe de carga');
Insert into ENOC.MODULO_OPCION (MODULO_ID,OPCION_ID,NOMBRE_OPCION,URL,ICONO,ORDEN,MAPA,CARPETA,NOMBRE_INGLES) values ('A45','894','04.Tipo de Becas','/tipo/becas','A',4,null,'/taller/tipo/','04.Tipo de Becas');
Insert into ENOC.MODULO_OPCION (MODULO_ID,OPCION_ID,NOMBRE_OPCION,URL,ICONO,ORDEN,MAPA,CARPETA,NOMBRE_INGLES) values ('A45','897','08.Permiso Adicional/Fija','/permiso/fija','A',8,null,'/taller/permiso/','08.Permiso Adicional/Fija');
Insert into ENOC.MODULO_OPCION (MODULO_ID,OPCION_ID,NOMBRE_OPCION,URL,ICONO,ORDEN,MAPA,CARPETA,NOMBRE_INGLES) values ('A52','1021','Portafolios Empleados','/porempleado/portafolio','A',2,null,'/porDocente/porempleado/','Portafolios Empleados');
Insert into ENOC.MODULO_OPCION (MODULO_ID,OPCION_ID,NOMBRE_OPCION,URL,ICONO,ORDEN,MAPA,CARPETA,NOMBRE_INGLES) values ('A52','1022','Requisitos','/requisitos/requisitos','A',3,null,'/porDocente/requisitos/','Requisitos');
Insert into ENOC.MODULO_OPCION (MODULO_ID,OPCION_ID,NOMBRE_OPCION,URL,ICONO,ORDEN,MAPA,CARPETA,NOMBRE_INGLES) values ('A53','1045','06. Consulta de tramites','/consulta/consulta','A',6,null,'/bitacora/consulta/','06. Consulta de tramites');
Insert into ENOC.MODULO_OPCION (MODULO_ID,OPCION_ID,NOMBRE_OPCION,URL,ICONO,ORDEN,MAPA,CARPETA,NOMBRE_INGLES) values ('A53','1046','07. Estadísticas','/estadistica/estadistica','A',7,null,'/bitacora/estadistica/','07. Estadísticas');
Insert into ENOC.MODULO_OPCION (MODULO_ID,OPCION_ID,NOMBRE_OPCION,URL,ICONO,ORDEN,MAPA,CARPETA,NOMBRE_INGLES) values ('A13','255','99.Migrar Oracle-UNAV','/unav/migrar','A',6,'0  ','/usuarios/unav/','99.Migrar Oracle-UNAV');
Insert into ENOC.MODULO_OPCION (MODULO_ID,OPCION_ID,NOMBRE_OPCION,URL,ICONO,ORDEN,MAPA,CARPETA,NOMBRE_INGLES) values ('A16','310','06.Calificaciones diferidas','/calificacion/diferida','A',1,null,'/informes/calificacion/','06.Calificaciones diferidas');
Insert into ENOC.MODULO_OPCION (MODULO_ID,OPCION_ID,NOMBRE_OPCION,URL,ICONO,ORDEN,MAPA,CARPETA,NOMBRE_INGLES) values ('A04','075','06. Primer ingreso por carga','/ingreso_carga/ingreso','A',6,null,'/admision/ingreso_carga/','06. Primer ingreso por carga');
Insert into ENOC.MODULO_OPCION (MODULO_ID,OPCION_ID,NOMBRE_OPCION,URL,ICONO,ORDEN,MAPA,CARPETA,NOMBRE_INGLES) values ('A37','743','11.Horario maestro','/horario/horario','A',14,null,'/musica/horario/','11.Horario maestro');
Insert into ENOC.MODULO_OPCION (MODULO_ID,OPCION_ID,NOMBRE_OPCION,URL,ICONO,ORDEN,MAPA,CARPETA,NOMBRE_INGLES) values ('A37','745','12.Cursos/Alumno','/cursos/cursos','A',16,null,'/musica/cursos/','12.Cursos/Alumno');
Insert into ENOC.MODULO_OPCION (MODULO_ID,OPCION_ID,NOMBRE_OPCION,URL,ICONO,ORDEN,MAPA,CARPETA,NOMBRE_INGLES) values ('A11','226','05. Aconsejados/Carrera','/aconsejados/carrera','A',7,null,'/mentores/aconsejados/','05. Aconsejados/Carrera');
Insert into ENOC.MODULO_OPCION (MODULO_ID,OPCION_ID,NOMBRE_OPCION,URL,ICONO,ORDEN,MAPA,CARPETA,NOMBRE_INGLES) values ('A06','110','09.Plan de curso (PDF)','/plancurso/lista','A',6,null,'/datos_profesor/plancurso/','09.Plan de curso (PDF)');
Insert into ENOC.MODULO_OPCION (MODULO_ID,OPCION_ID,NOMBRE_OPCION,URL,ICONO,ORDEN,MAPA,CARPETA,NOMBRE_INGLES) values ('A58','1041','01.Conceptos','/concepto/lista','A',1,null,'/costo/concepto/','01.Conceptos');
Insert into ENOC.MODULO_OPCION (MODULO_ID,OPCION_ID,NOMBRE_OPCION,URL,ICONO,ORDEN,MAPA,CARPETA,NOMBRE_INGLES) values ('A12','240','04.Candados','/candado/candado','A',4,null,'/residencia/candado/','04.Candados');
Insert into ENOC.MODULO_OPCION (MODULO_ID,OPCION_ID,NOMBRE_OPCION,URL,ICONO,ORDEN,MAPA,CARPETA,NOMBRE_INGLES) values ('A03','059','05.Cargas en línea','/enlinea/carga','A',10,null,'/carga_grupo/enlinea/','05.Cargas en línea');
Insert into ENOC.MODULO_OPCION (MODULO_ID,OPCION_ID,NOMBRE_OPCION,URL,ICONO,ORDEN,MAPA,CARPETA,NOMBRE_INGLES) values ('A29','573','08.Inscritos por Mentor','/mentor/inscritos','A',4,null,'/inscritos/mentor/','08.Inscritos por Mentor');
Insert into ENOC.MODULO_OPCION (MODULO_ID,OPCION_ID,NOMBRE_OPCION,URL,ICONO,ORDEN,MAPA,CARPETA,NOMBRE_INGLES) values ('A48','950','Planeación Estratégica ','/planeacion/misionvision','A',1,null,'/evalua_emp/planeacion/','Planeación Estratégica ');
Insert into ENOC.MODULO_OPCION (MODULO_ID,OPCION_ID,NOMBRE_OPCION,URL,ICONO,ORDEN,MAPA,CARPETA,NOMBRE_INGLES) values ('A09','182','99.Unidades por Carga','/carga/unidades','A',13,null,'/disciplina/carga/','99.Unidades por Carga');
Insert into ENOC.MODULO_OPCION (MODULO_ID,OPCION_ID,NOMBRE_OPCION,URL,ICONO,ORDEN,MAPA,CARPETA,NOMBRE_INGLES) values ('A32','637','07.Rango de Valores','/rango/rango','A',7,null,'/hca/rango/','07.Rango de Valores');
Insert into ENOC.MODULO_OPCION (MODULO_ID,OPCION_ID,NOMBRE_OPCION,URL,ICONO,ORDEN,MAPA,CARPETA,NOMBRE_INGLES) values ('A19','361','99.Actualiza Egreso','/egreso/actualizar','A',12,null,'/utilerias/egreso/','99.Actualiza Egreso');
Insert into ENOC.MODULO_OPCION (MODULO_ID,OPCION_ID,NOMBRE_OPCION,URL,ICONO,ORDEN,MAPA,CARPETA,NOMBRE_INGLES) values ('A48','951','Jefes de Area','/jefes/departamento','A',2,null,'/evalua_emp/jefes/','Jefes de Area');
Insert into ENOC.MODULO_OPCION (MODULO_ID,OPCION_ID,NOMBRE_OPCION,URL,ICONO,ORDEN,MAPA,CARPETA,NOMBRE_INGLES) values ('A49','970','04.Registro Datos','/registro/datos','A',1,null,'/alerta/registro/','04.Registro Datos');
Insert into ENOC.MODULO_OPCION (MODULO_ID,OPCION_ID,NOMBRE_OPCION,URL,ICONO,ORDEN,MAPA,CARPETA,NOMBRE_INGLES) values ('A53','1042','05. Atención y seguimiento','/seguimiento/seguimiento','A',2,null,'/bitacora/seguimiento/','05. Atención y seguimiento');
Insert into ENOC.MODULO_OPCION (MODULO_ID,OPCION_ID,NOMBRE_OPCION,URL,ICONO,ORDEN,MAPA,CARPETA,NOMBRE_INGLES) values ('A53','1043','03. Catálogo de Estados','/status/estado','A',4,null,'/bitacora/status/','03. Catálogo de Estados');
Insert into ENOC.MODULO_OPCION (MODULO_ID,OPCION_ID,NOMBRE_OPCION,URL,ICONO,ORDEN,MAPA,CARPETA,NOMBRE_INGLES) values ('A53','1044','01. Catálogo/Areas','/area/area','A',5,null,'/bitacora/area/','01. Catálogo/Areas');
Insert into ENOC.MODULO_OPCION (MODULO_ID,OPCION_ID,NOMBRE_OPCION,URL,ICONO,ORDEN,MAPA,CARPETA,NOMBRE_INGLES) values ('A58','1042','02.Costos','/costo/lista','A',2,null,'/costo/costo/','02.Costos');
Insert into ENOC.MODULO_OPCION (MODULO_ID,OPCION_ID,NOMBRE_OPCION,URL,ICONO,ORDEN,MAPA,CARPETA,NOMBRE_INGLES) values ('A08','169','13.Entregar documentos','/entregar/documentos','A',19,null,'/archivo/entregar/','13.Entregar documentos');
Insert into ENOC.MODULO_OPCION (MODULO_ID,OPCION_ID,NOMBRE_OPCION,URL,ICONO,ORDEN,MAPA,CARPETA,NOMBRE_INGLES) values ('A54','1062','7. Reportes','/reporte/menu','A',5,null,'/horas/reporte/','7. Reportes');
Insert into ENOC.MODULO_OPCION (MODULO_ID,OPCION_ID,NOMBRE_OPCION,URL,ICONO,ORDEN,MAPA,CARPETA,NOMBRE_INGLES) values ('A15','293','04.Metrics','/metrics/metrics','A',4,null,'/parametros/metrics/','04.Metrics');
Insert into ENOC.MODULO_OPCION (MODULO_ID,OPCION_ID,NOMBRE_OPCION,URL,ICONO,ORDEN,MAPA,CARPETA,NOMBRE_INGLES) values ('A35','697','08.Rconocimientos','/reconocimientos/listado','A',8,null,'/graduacion/reconocimientos/','08.Rconocimientos');
Insert into ENOC.MODULO_OPCION (MODULO_ID,OPCION_ID,NOMBRE_OPCION,URL,ICONO,ORDEN,MAPA,CARPETA,NOMBRE_INGLES) values ('A21','397','06.Redimencionar fotos','/redimensionar/fotos','A',8,null,'/credencial_emp/redimensionar/','06.Redimencionar fotos');
Insert into ENOC.MODULO_OPCION (MODULO_ID,OPCION_ID,NOMBRE_OPCION,URL,ICONO,ORDEN,MAPA,CARPETA,NOMBRE_INGLES) values ('A38','753','03. Permiso','/permiso/permiso','A',3,null,'/salida/permiso/','03. Permiso');
Insert into ENOC.MODULO_OPCION (MODULO_ID,OPCION_ID,NOMBRE_OPCION,URL,ICONO,ORDEN,MAPA,CARPETA,NOMBRE_INGLES) values ('A21','396','05.Credencial Visitantes','/visitantes/visitante','A',7,null,'/credencial_emp/visitantes/','05.Credencial Visitantes');
Insert into ENOC.MODULO_OPCION (MODULO_ID,OPCION_ID,NOMBRE_OPCION,URL,ICONO,ORDEN,MAPA,CARPETA,NOMBRE_INGLES) values ('A23','441','01. Periodos SAII','/periodo/listado','A',12,null,'/bsc/periodo/','01. Periodos SAII');
Insert into ENOC.MODULO_OPCION (MODULO_ID,OPCION_ID,NOMBRE_OPCION,URL,ICONO,ORDEN,MAPA,CARPETA,NOMBRE_INGLES) values ('A07','132','01. Elegir plan','/plan/carga','A',0,null,'/matricula/plan/','01. Elegir plan');
Insert into ENOC.MODULO_OPCION (MODULO_ID,OPCION_ID,NOMBRE_OPCION,URL,ICONO,ORDEN,MAPA,CARPETA,NOMBRE_INGLES) values ('A55','1080','2. Recetas','/receta/lista','A',2,null,'/comedor/receta/','2. Recetas');
Insert into ENOC.MODULO_OPCION (MODULO_ID,OPCION_ID,NOMBRE_OPCION,URL,ICONO,ORDEN,MAPA,CARPETA,NOMBRE_INGLES) values ('A16','327','07.Vacunados','/vacunados/lista','A',15,null,'/informes/vacunados/','07.Vacunados');
Insert into ENOC.MODULO_OPCION (MODULO_ID,OPCION_ID,NOMBRE_OPCION,URL,ICONO,ORDEN,MAPA,CARPETA,NOMBRE_INGLES) values ('A43','862','09.Maestros/Materias','/maestros/maestros','A',13,null,'/analisis/maestros/','09.Maestros/Materias');
Insert into ENOC.MODULO_OPCION (MODULO_ID,OPCION_ID,NOMBRE_OPCION,URL,ICONO,ORDEN,MAPA,CARPETA,NOMBRE_INGLES) values ('A45','901','11.Catálogo/Informes','/catinforme/informe','A',12,null,'/taller/catinforme/','11.Catálogo/Informes');
Insert into ENOC.MODULO_OPCION (MODULO_ID,OPCION_ID,NOMBRE_OPCION,URL,ICONO,ORDEN,MAPA,CARPETA,NOMBRE_INGLES) values ('A43','865','10.Maestros/Departamentos','/distribucion/maestros','A',16,null,'/analisis/distribucion/','10.Maestros/Departamentos');
Insert into ENOC.MODULO_OPCION (MODULO_ID,OPCION_ID,NOMBRE_OPCION,URL,ICONO,ORDEN,MAPA,CARPETA,NOMBRE_INGLES) values ('A27','513','04. Firmar Titulos','/firmar/tramite','A',4,null,'/titulacion/firmar/','04. Firmar Titulos');
Insert into ENOC.MODULO_OPCION (MODULO_ID,OPCION_ID,NOMBRE_OPCION,URL,ICONO,ORDEN,MAPA,CARPETA,NOMBRE_INGLES) values ('A04','079','08. Alumnos conservatorio','/cimum/alumnos','A',8,null,'/admision/cimum/','08. Alumnos conservatorio');
Insert into ENOC.MODULO_OPCION (MODULO_ID,OPCION_ID,NOMBRE_OPCION,URL,ICONO,ORDEN,MAPA,CARPETA,NOMBRE_INGLES) values ('A22','417','04.Deudas mayores','/aplicar/candado','A',3,null,'/candados/aplicar/','04.Deudas mayores');
Insert into ENOC.MODULO_OPCION (MODULO_ID,OPCION_ID,NOMBRE_OPCION,URL,ICONO,ORDEN,MAPA,CARPETA,NOMBRE_INGLES) values ('A27','512','03. Trámites','/tramites/tramite','A',3,null,'/titulacion/tramites/','03. Trámites');
Insert into ENOC.MODULO_OPCION (MODULO_ID,OPCION_ID,NOMBRE_OPCION,URL,ICONO,ORDEN,MAPA,CARPETA,NOMBRE_INGLES) values ('A39','770','01.Registro/Autos','/auto/listado','A',6,null,'/vigilancia/auto/','01.Registro/Autos');
Insert into ENOC.MODULO_OPCION (MODULO_ID,OPCION_ID,NOMBRE_OPCION,URL,ICONO,ORDEN,MAPA,CARPETA,NOMBRE_INGLES) values ('A43','863','08.Deptos/Distribución','/deptos/deptos','A',14,null,'/analisis/deptos/','08.Deptos/Distribución');
Insert into ENOC.MODULO_OPCION (MODULO_ID,OPCION_ID,NOMBRE_OPCION,URL,ICONO,ORDEN,MAPA,CARPETA,NOMBRE_INGLES) values ('A43','864','07.Maestros/recursos','/sueldos/maestros','A',15,null,'/analisis/sueldos/','07.Maestros/recursos');
Insert into ENOC.MODULO_OPCION (MODULO_ID,OPCION_ID,NOMBRE_OPCION,URL,ICONO,ORDEN,MAPA,CARPETA,NOMBRE_INGLES) values ('A08','154','08.Grupos','/grupo/listado','A',20,null,'/archivo/grupo/','08.Grupos');
Insert into ENOC.MODULO_OPCION (MODULO_ID,OPCION_ID,NOMBRE_OPCION,URL,ICONO,ORDEN,MAPA,CARPETA,NOMBRE_INGLES) values ('A08','162','09.Grupos por plan','/plan/listado','A',21,null,'/archivo/plan/','09.Grupos por plan');
Insert into ENOC.MODULO_OPCION (MODULO_ID,OPCION_ID,NOMBRE_OPCION,URL,ICONO,ORDEN,MAPA,CARPETA,NOMBRE_INGLES) values ('A18','341','10.Compromiso IDP','/idp/compromiso','A',10,null,'/administrar/idp/','10.Compromiso IDP');
Insert into ENOC.MODULO_OPCION (MODULO_ID,OPCION_ID,NOMBRE_OPCION,URL,ICONO,ORDEN,MAPA,CARPETA,NOMBRE_INGLES) values ('A13','257','05.Subir Fotos','/subir/foto','A',8,'0  ','/usuarios/subir/','05.Subir Photos');
Insert into ENOC.MODULO_OPCION (MODULO_ID,OPCION_ID,NOMBRE_OPCION,URL,ICONO,ORDEN,MAPA,CARPETA,NOMBRE_INGLES) values ('A36','721','11.Admisión opciones','/opciones/lista','A',11,null,'/admlinea/opciones/','11.Admisión opciones');
Insert into ENOC.MODULO_OPCION (MODULO_ID,OPCION_ID,NOMBRE_OPCION,URL,ICONO,ORDEN,MAPA,CARPETA,NOMBRE_INGLES) values ('A36','716','08.Visto Bueno','/visto/pendientes','A',8,null,'/admlinea/visto/','08.Visto Bueno');
Insert into ENOC.MODULO_OPCION (MODULO_ID,OPCION_ID,NOMBRE_OPCION,URL,ICONO,ORDEN,MAPA,CARPETA,NOMBRE_INGLES) values ('A25','475','02.Documentos','/documentos/listado','A',2,null,'/servicio/documentos/','02.Documentos');
Insert into ENOC.MODULO_OPCION (MODULO_ID,OPCION_ID,NOMBRE_OPCION,URL,ICONO,ORDEN,MAPA,CARPETA,NOMBRE_INGLES) values ('A07','134','09. Cambio Carrera','/cambioCarrera/listado','A',9,null,'/matricula/cambioCarrera/','09. Cambio Carrera');
Insert into ENOC.MODULO_OPCION (MODULO_ID,OPCION_ID,NOMBRE_OPCION,URL,ICONO,ORDEN,MAPA,CARPETA,NOMBRE_INGLES) values ('A07','142','10. Contactos','/contacto/listado','A',10,null,'/matricula/contacto/','10. Contactos');
Insert into ENOC.MODULO_OPCION (MODULO_ID,OPCION_ID,NOMBRE_OPCION,URL,ICONO,ORDEN,MAPA,CARPETA,NOMBRE_INGLES) values ('A12','231','09.Expedientes','/expediente/listado','A',15,null,'/residencia/expediente/','09.Expedientes');
Insert into ENOC.MODULO_OPCION (MODULO_ID,OPCION_ID,NOMBRE_OPCION,URL,ICONO,ORDEN,MAPA,CARPETA,NOMBRE_INGLES) values ('A43','867','11.Avance en carga','/carga/carga','A',18,null,'/analisis/carga/','11.Avance en carga');
Insert into ENOC.MODULO_OPCION (MODULO_ID,OPCION_ID,NOMBRE_OPCION,URL,ICONO,ORDEN,MAPA,CARPETA,NOMBRE_INGLES) values ('A61','1201','02.Resultados','/resultado/resultados','A',2,null,'/encuesta/resultado/','02.Resultados');
Insert into ENOC.MODULO_OPCION (MODULO_ID,OPCION_ID,NOMBRE_OPCION,URL,ICONO,ORDEN,MAPA,CARPETA,NOMBRE_INGLES) values ('A15','290','02.Elegir alumno - maestro','/alumno/buscar','A',1,null,'/parametros/alumno/','02.Elegir alumno - maestro');
Insert into ENOC.MODULO_OPCION (MODULO_ID,OPCION_ID,NOMBRE_OPCION,URL,ICONO,ORDEN,MAPA,CARPETA,NOMBRE_INGLES) values ('A11','228','09. Anuario/Consulta','/anuario/alumno','A',9,null,'/mentores/anuario/','09. Anuario/Consulta');
Insert into ENOC.MODULO_OPCION (MODULO_ID,OPCION_ID,NOMBRE_OPCION,URL,ICONO,ORDEN,MAPA,CARPETA,NOMBRE_INGLES) values ('A54','1066','5. Contratos','/contrato/lista','A',7,null,'/horas/contrato/','5. Contratos');
Insert into ENOC.MODULO_OPCION (MODULO_ID,OPCION_ID,NOMBRE_OPCION,URL,ICONO,ORDEN,MAPA,CARPETA,NOMBRE_INGLES) values ('A12','242','03.Hospedaje','/hospedaje/listado','A',6,null,'/residencia/hospedaje/','03.Hospedaje');
Insert into ENOC.MODULO_OPCION (MODULO_ID,OPCION_ID,NOMBRE_OPCION,URL,ICONO,ORDEN,MAPA,CARPETA,NOMBRE_INGLES) values ('A36','723','13.Resultado TPT','/prueba/lista','A',13,null,'/admlinea/prueba/','13.Resultado TPT');
Insert into ENOC.MODULO_OPCION (MODULO_ID,OPCION_ID,NOMBRE_OPCION,URL,ICONO,ORDEN,MAPA,CARPETA,NOMBRE_INGLES) values ('A28','542','11.Maratum/listado','/maratum/listado','A',12,null,'/finanzas/maratum/','11.Maratum/listado');
Insert into ENOC.MODULO_OPCION (MODULO_ID,OPCION_ID,NOMBRE_OPCION,URL,ICONO,ORDEN,MAPA,CARPETA,NOMBRE_INGLES) values ('A05','100','04.Portal/alumno','/../portales/alumno/portal_alumno','A',11,'020','/portales/alumno/','04.Portal/alumno');
Insert into ENOC.MODULO_OPCION (MODULO_ID,OPCION_ID,NOMBRE_OPCION,URL,ICONO,ORDEN,MAPA,CARPETA,NOMBRE_INGLES) values ('A09','183','05.Reportes','/reportes/menu','A',14,null,'/disciplina/reportes/','05.Reportes');
Insert into ENOC.MODULO_OPCION (MODULO_ID,OPCION_ID,NOMBRE_OPCION,URL,ICONO,ORDEN,MAPA,CARPETA,NOMBRE_INGLES) values ('A58','1043','03.Pagarés','/pagare/lista','A',3,null,'/costo/pagare/','03.Pagarés');
Insert into ENOC.MODULO_OPCION (MODULO_ID,OPCION_ID,NOMBRE_OPCION,URL,ICONO,ORDEN,MAPA,CARPETA,NOMBRE_INGLES) values ('A56','1100','1.Convenios','/convenio/listado','A',1,null,'/convenio/convenio/','1.Convenios');
Insert into ENOC.MODULO_OPCION (MODULO_ID,OPCION_ID,NOMBRE_OPCION,URL,ICONO,ORDEN,MAPA,CARPETA,NOMBRE_INGLES) values ('A49','974','03.Reporte COVID19','/covid/reporte','A',4,null,'/alerta/covid/','03.Reporte COVID19');
Insert into ENOC.MODULO_OPCION (MODULO_ID,OPCION_ID,NOMBRE_OPCION,URL,ICONO,ORDEN,MAPA,CARPETA,NOMBRE_INGLES) values ('A56','1101','2.Tipos','/tipos/listado','A',2,null,'/convenio/tipos/','2.Tipos');
Insert into ENOC.MODULO_OPCION (MODULO_ID,OPCION_ID,NOMBRE_OPCION,URL,ICONO,ORDEN,MAPA,CARPETA,NOMBRE_INGLES) values ('A54','1067','6. Presupuesto','/presupuesto/lista','A',8,null,'/horas/presupuesto/','6. Presupuesto');
Insert into ENOC.MODULO_OPCION (MODULO_ID,OPCION_ID,NOMBRE_OPCION,URL,ICONO,ORDEN,MAPA,CARPETA,NOMBRE_INGLES) values ('A07','130','08. Autoriza Horario','/autoriza/horario','A',8,null,'/matricula/autoriza/','08. Autoriza Horario');
Insert into ENOC.MODULO_OPCION (MODULO_ID,OPCION_ID,NOMBRE_OPCION,URL,ICONO,ORDEN,MAPA,CARPETA,NOMBRE_INGLES) values ('A07','141','05. Alumnos en cierre','/cierre/listado','A',9,null,'/matricula/cierre/','05. Alumnos en cierre');


